[{"model": "home.homepagetopstories", "pk": 1, "fields": {"sort_order": 0, "sector_name": "<h4><b>Health</b></h4>", "top_stories_content": "<p><i>Building healthy kids &amp;\ncommunities</i></p>\n\n<p>Increasingly,\nschools are a critical point for students to access healthy\nfoods \u2013 and schools have been stepping up to the challenge:</p>\n\n<p>In Oregon,\n53% of kids qualify for free and reduced lunch. Luckily, 130 school districts serving\n89% of school meals in the state are providing healthy, local food through the\nstate\u2019s Farm to School and School Garden Grant Program (2015-2016 School Year).</p><p>\n\nWe know that kids are eating better thanks to farm\nto school, but there is still a lot to learn about the lessons they\u2019re taking\nhome \u2013 whether they\u2019re sharing new foods with their family or requesting\nhealthy options at the grocery store.</p>", "link_caption": "link to full Health page", "url": 32, "page": 42}}, {"model": "home.homepagetopstories", "pk": 2, "fields": {"sort_order": 1, "sector_name": "<h4><b>Our Community</b></h4>", "top_stories_content": "<p><i>Growing a new economy with farm to school</i></p>\n\n<p>When it comes to Oregon\u2019s economy,\nthe impact of school food is on the rise: Oregon schools spend about a quarter\nof their budgets on local food. Farm to school generated more than $21 million\nand 100 jobs in the 2011-2012 school year. Recognizing that farm to school is\nno small potatoes, Oregon infused $4.5 million in Farm to School and School\nGarden programs in 2015, and is reaping the rewards.</p><p>\n\nThere is so much more we can do to support the\nrelationships that make these transactions possible, from providing\nopportunities for schools and farmers to connect, to promoting the good work\nthey are already doing for their communities. And more we can do to make these\neconomic benefits available to everyone, looking across the supply chain at\nopportunities to support socially disadvantaged producers, farmworkers, and\nlaborers.</p>", "link_caption": "link to full Community page", "url": 4, "page": 42}}, {"model": "home.homepagetopstories", "pk": 3, "fields": {"sort_order": 2, "sector_name": "<h4><b>Education</b></h4>", "top_stories_content": "<p><i>Local food by the books: Learning in the cafeteria and classroom</i></p><p>Early farm to school adopters blazed\na trail for teaching kids about food, and for using food as a gateway to\nlearning about all sorts of subjects, from math to art literacy. To smooth the\npath for their peers, the state launched Oregon Harvest for Schools \u2013 an\neducational toolkit to help teach kids about local food. The Oregon Farm to\nSchool and School Garden Grant Program also provides grants for educational\nprogramming, and currently reaches XXX children, or XX%\u00a0\u00a0of students in the state. However, we know every school\ncould benefit from having access to this critical education.<br/></p><p></p><p>\n\n\n\n\n\n\n\n\n\n\n\n\n\n\n\n\n\n\n\n\n\n\n\nTo keep the momentum going, we need to know more\nabout the impact of Farm to School programs on food literacy for kids (and\ntheir families!), whether or not lessons about local food are keeping students engaged\nin the classroom, and how to align educational resources with state standards.\nIf we want to see these programs flourish into the future, school employees \u2013\ncooks, teachers, and administrators \u2013 need support for ongoing education and\ntraining of their own.<br/></p><p></p><p></p><p>\n\n</p>\n\n<p></p>\n\n<p></p><p></p><p></p><p>\n\n</p>\n\n<p></p>\n\n<p></p>", "link_caption": "link to full Education page", "url": 25, "page": 42}}, {"model": "home.homepagetopstories", "pk": 4, "fields": {"sort_order": 3, "sector_name": "<h4><b>Environment</b></h4>", "top_stories_content": "<p><i>Schools dig nature.</i></p>\n\n<p>From growing school gardens, to sustainable\nfood purchasing and composting, farm to school is an earth friendly practice. </p>\n\n<p>605 Oregon schools have edible\ngardens \u2013 that\u2019s about 50% of all schools in the state! Gardens are essential\nclassrooms where students can learn about everything from carbon sequestration\nin soil, to its role in water quality and other ecosystem services. In fact, at\nleast 244 of these school gardens are used to support curriculum, strengthening\nenvironmental literacy and ecological ethics of students.</p><p>\u00a0We currently don\u2019t do enough tracking, measuring, and\nevaluating of the environmental impacts of farm to school programs. Gardens are\na great place to start, but how much carbon are they taking in? How much water\ndoes a cafeteria save by practicing meatless Mondays? Does a localized lunch\nreduce waste? There is so much to learn.</p>\n\n<p>\n\n</p><p></p><p></p><p>\u00a0In\ngeneral, we have the least amount of data on environmental indicators. I\u2019d like\nto end with something more general in this sector. Something along the lines\nof, we don\u2019t do enough tracking/measurement/evaluation of the environmental\nimpacts of our programs! School gardens are a great starting point, but what\nabout environmentally sustainable foods, reducing cafeteria waste, etc?</p>\n\n<p></p>\n\n<p></p>\n\n<p></p>", "link_caption": "link to environment page", "url": 35, "page": 42}}, {"model": "menu.menu", "pk": 1, "fields": {"title": "Home", "url": 42, "footer": false, "order": 1}}, {"model": "menu.menu", "pk": 2, "fields": {"title": "Health", "url": 32, "footer": false, "order": 2}}, {"model": "menu.menu", "pk": 3, "fields": {"title": "Education", "url": 25, "footer": false, "order": 3}}, {"model": "menu.menu", "pk": 4, "fields": {"title": "Economy", "url": 4, "footer": false, "order": 4}}, {"model": "menu.menu", "pk": 5, "fields": {"title": "Environment", "url": 35, "footer": false, "order": 5}}, {"model": "menu.menu", "pk": 6, "fields": {"title": "About", "url": null, "footer": false, "order": 6}}, {"model": "menu.menu", "pk": 7, "fields": {"title": "Recommendations", "url": null, "footer": false, "order": 7}}, {"model": "wagtailsearch.query", "pk": 1, "fields": {"query_string": "environment"}}, {"model": "wagtailsearch.query", "pk": 2, "fields": {"query_string": "sdf"}}, {"model": "wagtailsearch.querydailyhits", "pk": 1, "fields": {"query": 1, "date": "2016-01-21", "hits": 8}}, {"model": "wagtailsearch.querydailyhits", "pk": 2, "fields": {"query": 2, "date": "2016-01-21", "hits": 1}}, {"model": "wagtailcore.site", "pk": 2, "fields": {"hostname": "/", "port": 8000, "site_name": "", "root_page": 42, "is_default_site": true}}, {"model": "contenttypes.contenttype", "pk": 1, "fields": {"app_label": "wagtailcore", "model": "page"}}, {"model": "contenttypes.contenttype", "pk": 2, "fields": {"app_label": "home", "model": "homepage"}}, {"model": "contenttypes.contenttype", "pk": 3, "fields": {"app_label": "wagtailadmin", "model": "admin"}}, {"model": "contenttypes.contenttype", "pk": 4, "fields": {"app_label": "wagtaildocs", "model": "document"}}, {"model": "contenttypes.contenttype", "pk": 5, "fields": {"app_label": "wagtailimages", "model": "image"}}, {"model": "contenttypes.contenttype", "pk": 6, "fields": {"app_label": "sectors", "model": "sector"}}, {"model": "contenttypes.contenttype", "pk": 8, "fields": {"app_label": "carousel", "model": "carousel"}}, {"model": "contenttypes.contenttype", "pk": 9, "fields": {"app_label": "carousel", "model": "carousels"}}, {"model": "contenttypes.contenttype", "pk": 10, "fields": {"app_label": "outcomes", "model": "priorityoutcome"}}, {"model": "contenttypes.contenttype", "pk": 12, "fields": {"app_label": "indicators", "model": "indicator"}}, {"model": "contenttypes.contenttype", "pk": 14, "fields": {"app_label": "measures", "model": "coremeasure"}}, {"model": "contenttypes.contenttype", "pk": 16, "fields": {"app_label": "recommendations", "model": "recommendation"}}, {"model": "contenttypes.contenttype", "pk": 18, "fields": {"app_label": "about", "model": "about"}}, {"model": "contenttypes.contenttype", "pk": 19, "fields": {"app_label": "dataviz", "model": "datavisualization"}}, {"model": "contenttypes.contenttype", "pk": 20, "fields": {"app_label": "dataviz", "model": "datavisualizations"}}, {"model": "contenttypes.contenttype", "pk": 21, "fields": {"app_label": "wagtailforms", "model": "formsubmission"}}, {"model": "contenttypes.contenttype", "pk": 22, "fields": {"app_label": "wagtailredirects", "model": "redirect"}}, {"model": "contenttypes.contenttype", "pk": 23, "fields": {"app_label": "wagtailembeds", "model": "embed"}}, {"model": "contenttypes.contenttype", "pk": 24, "fields": {"app_label": "wagtailusers", "model": "userprofile"}}, {"model": "contenttypes.contenttype", "pk": 25, "fields": {"app_label": "wagtailimages", "model": "filter"}}, {"model": "contenttypes.contenttype", "pk": 26, "fields": {"app_label": "wagtailimages", "model": "rendition"}}, {"model": "contenttypes.contenttype", "pk": 27, "fields": {"app_label": "wagtailsearch", "model": "query"}}, {"model": "contenttypes.contenttype", "pk": 28, "fields": {"app_label": "wagtailsearch", "model": "querydailyhits"}}, {"model": "contenttypes.contenttype", "pk": 29, "fields": {"app_label": "wagtailcore", "model": "site"}}, {"model": "contenttypes.contenttype", "pk": 30, "fields": {"app_label": "wagtailcore", "model": "pagerevision"}}, {"model": "contenttypes.contenttype", "pk": 31, "fields": {"app_label": "wagtailcore", "model": "grouppagepermission"}}, {"model": "contenttypes.contenttype", "pk": 32, "fields": {"app_label": "wagtailcore", "model": "pageviewrestriction"}}, {"model": "contenttypes.contenttype", "pk": 33, "fields": {"app_label": "taggit", "model": "tag"}}, {"model": "contenttypes.contenttype", "pk": 34, "fields": {"app_label": "taggit", "model": "taggeditem"}}, {"model": "contenttypes.contenttype", "pk": 35, "fields": {"app_label": "admin", "model": "logentry"}}, {"model": "contenttypes.contenttype", "pk": 36, "fields": {"app_label": "auth", "model": "permission"}}, {"model": "contenttypes.contenttype", "pk": 37, "fields": {"app_label": "auth", "model": "group"}}, {"model": "contenttypes.contenttype", "pk": 38, "fields": {"app_label": "auth", "model": "user"}}, {"model": "contenttypes.contenttype", "pk": 39, "fields": {"app_label": "contenttypes", "model": "contenttype"}}, {"model": "contenttypes.contenttype", "pk": 40, "fields": {"app_label": "sessions", "model": "session"}}, {"model": "contenttypes.contenttype", "pk": 41, "fields": {"app_label": "data", "model": "data"}}, {"model": "contenttypes.contenttype", "pk": 42, "fields": {"app_label": "home", "model": "homepagetopstories"}}, {"model": "contenttypes.contenttype", "pk": 43, "fields": {"app_label": "menu", "model": "menu"}}, {"model": "sessions.session", "pk": "2lkjhb551ntpdjwn55fmsgujuq3axyfh", "fields": {"session_data": "MDhiNDYwMDVjZDZkZjkyMTI3ZjMzMzhjYjNiMTJlYTI0MjQzNmM5Mjp7Il9hdXRoX3VzZXJfaGFzaCI6ImNjNjIwNTQwZmMyNzg5MzYxNWRkMTRjZGY3ZThiMWQ1ODI1ZGIwZTciLCJfYXV0aF91c2VyX2JhY2tlbmQiOiJkamFuZ28uY29udHJpYi5hdXRoLmJhY2tlbmRzLk1vZGVsQmFja2VuZCIsIl9hdXRoX3VzZXJfaWQiOiIxIn0=", "expire_date": "2016-02-04T01:53:14.914Z"}}, {"model": "sessions.session", "pk": "x90r9lvlu7oiddz0e7bki45oevlqql66", "fields": {"session_data": "YzQzYTBlODFmNDk5MGJkNTQ0ODg1NmEzZjg1NTBjZGFiM2Y4ZGEyNzp7Il9hdXRoX3VzZXJfaGFzaCI6ImEyNzYzYWRmNDNhNzMwMGUzYzY3NGU0MmE0MGI0M2VhODY0NzA2YTciLCJfYXV0aF91c2VyX2JhY2tlbmQiOiJkamFuZ28uY29udHJpYi5hdXRoLmJhY2tlbmRzLk1vZGVsQmFja2VuZCIsIl9hdXRoX3VzZXJfaWQiOiIxIn0=", "expire_date": "2016-01-05T02:18:05.432Z"}}, {"model": "auth.permission", "pk": 1, "fields": {"name": "Can access Wagtail admin", "content_type": 3, "codename": "access_admin"}}, {"model": "auth.permission", "pk": 2, "fields": {"name": "Can add document", "content_type": 4, "codename": "add_document"}}, {"model": "auth.permission", "pk": 3, "fields": {"name": "Can change document", "content_type": 4, "codename": "change_document"}}, {"model": "auth.permission", "pk": 4, "fields": {"name": "Can delete document", "content_type": 4, "codename": "delete_document"}}, {"model": "auth.permission", "pk": 5, "fields": {"name": "Can add image", "content_type": 5, "codename": "add_image"}}, {"model": "auth.permission", "pk": 6, "fields": {"name": "Can change image", "content_type": 5, "codename": "change_image"}}, {"model": "auth.permission", "pk": 7, "fields": {"name": "Can delete image", "content_type": 5, "codename": "delete_image"}}, {"model": "auth.permission", "pk": 8, "fields": {"name": "Can add home page", "content_type": 2, "codename": "add_homepage"}}, {"model": "auth.permission", "pk": 9, "fields": {"name": "Can change home page", "content_type": 2, "codename": "change_homepage"}}, {"model": "auth.permission", "pk": 10, "fields": {"name": "Can delete home page", "content_type": 2, "codename": "delete_homepage"}}, {"model": "auth.permission", "pk": 11, "fields": {"name": "Can add sector", "content_type": 6, "codename": "add_sector"}}, {"model": "auth.permission", "pk": 12, "fields": {"name": "Can change sector", "content_type": 6, "codename": "change_sector"}}, {"model": "auth.permission", "pk": 13, "fields": {"name": "Can delete sector", "content_type": 6, "codename": "delete_sector"}}, {"model": "auth.permission", "pk": 17, "fields": {"name": "Can add carousel", "content_type": 8, "codename": "add_carousel"}}, {"model": "auth.permission", "pk": 18, "fields": {"name": "Can change carousel", "content_type": 8, "codename": "change_carousel"}}, {"model": "auth.permission", "pk": 19, "fields": {"name": "Can delete carousel", "content_type": 8, "codename": "delete_carousel"}}, {"model": "auth.permission", "pk": 20, "fields": {"name": "Can add carousels", "content_type": 9, "codename": "add_carousels"}}, {"model": "auth.permission", "pk": 21, "fields": {"name": "Can change carousels", "content_type": 9, "codename": "change_carousels"}}, {"model": "auth.permission", "pk": 22, "fields": {"name": "Can delete carousels", "content_type": 9, "codename": "delete_carousels"}}, {"model": "auth.permission", "pk": 23, "fields": {"name": "Can add priority outcome", "content_type": 10, "codename": "add_priorityoutcome"}}, {"model": "auth.permission", "pk": 24, "fields": {"name": "Can change priority outcome", "content_type": 10, "codename": "change_priorityoutcome"}}, {"model": "auth.permission", "pk": 25, "fields": {"name": "Can delete priority outcome", "content_type": 10, "codename": "delete_priorityoutcome"}}, {"model": "auth.permission", "pk": 29, "fields": {"name": "Can add indicator", "content_type": 12, "codename": "add_indicator"}}, {"model": "auth.permission", "pk": 30, "fields": {"name": "Can change indicator", "content_type": 12, "codename": "change_indicator"}}, {"model": "auth.permission", "pk": 31, "fields": {"name": "Can delete indicator", "content_type": 12, "codename": "delete_indicator"}}, {"model": "auth.permission", "pk": 35, "fields": {"name": "Can add core measure", "content_type": 14, "codename": "add_coremeasure"}}, {"model": "auth.permission", "pk": 36, "fields": {"name": "Can change core measure", "content_type": 14, "codename": "change_coremeasure"}}, {"model": "auth.permission", "pk": 37, "fields": {"name": "Can delete core measure", "content_type": 14, "codename": "delete_coremeasure"}}, {"model": "auth.permission", "pk": 41, "fields": {"name": "Can add recommendation", "content_type": 16, "codename": "add_recommendation"}}, {"model": "auth.permission", "pk": 42, "fields": {"name": "Can change recommendation", "content_type": 16, "codename": "change_recommendation"}}, {"model": "auth.permission", "pk": 43, "fields": {"name": "Can delete recommendation", "content_type": 16, "codename": "delete_recommendation"}}, {"model": "auth.permission", "pk": 47, "fields": {"name": "Can add about", "content_type": 18, "codename": "add_about"}}, {"model": "auth.permission", "pk": 48, "fields": {"name": "Can change about", "content_type": 18, "codename": "change_about"}}, {"model": "auth.permission", "pk": 49, "fields": {"name": "Can delete about", "content_type": 18, "codename": "delete_about"}}, {"model": "auth.permission", "pk": 50, "fields": {"name": "Can add data visualization", "content_type": 19, "codename": "add_datavisualization"}}, {"model": "auth.permission", "pk": 51, "fields": {"name": "Can change data visualization", "content_type": 19, "codename": "change_datavisualization"}}, {"model": "auth.permission", "pk": 52, "fields": {"name": "Can delete data visualization", "content_type": 19, "codename": "delete_datavisualization"}}, {"model": "auth.permission", "pk": 53, "fields": {"name": "Can add data visualizations", "content_type": 20, "codename": "add_datavisualizations"}}, {"model": "auth.permission", "pk": 54, "fields": {"name": "Can change data visualizations", "content_type": 20, "codename": "change_datavisualizations"}}, {"model": "auth.permission", "pk": 55, "fields": {"name": "Can delete data visualizations", "content_type": 20, "codename": "delete_datavisualizations"}}, {"model": "auth.permission", "pk": 56, "fields": {"name": "Can add Form Submission", "content_type": 21, "codename": "add_formsubmission"}}, {"model": "auth.permission", "pk": 57, "fields": {"name": "Can change Form Submission", "content_type": 21, "codename": "change_formsubmission"}}, {"model": "auth.permission", "pk": 58, "fields": {"name": "Can delete Form Submission", "content_type": 21, "codename": "delete_formsubmission"}}, {"model": "auth.permission", "pk": 59, "fields": {"name": "Can add Redirect", "content_type": 22, "codename": "add_redirect"}}, {"model": "auth.permission", "pk": 60, "fields": {"name": "Can change Redirect", "content_type": 22, "codename": "change_redirect"}}, {"model": "auth.permission", "pk": 61, "fields": {"name": "Can delete Redirect", "content_type": 22, "codename": "delete_redirect"}}, {"model": "auth.permission", "pk": 62, "fields": {"name": "Can add Embed", "content_type": 23, "codename": "add_embed"}}, {"model": "auth.permission", "pk": 63, "fields": {"name": "Can change Embed", "content_type": 23, "codename": "change_embed"}}, {"model": "auth.permission", "pk": 64, "fields": {"name": "Can delete Embed", "content_type": 23, "codename": "delete_embed"}}, {"model": "auth.permission", "pk": 65, "fields": {"name": "Can add User Profile", "content_type": 24, "codename": "add_userprofile"}}, {"model": "auth.permission", "pk": 66, "fields": {"name": "Can change User Profile", "content_type": 24, "codename": "change_userprofile"}}, {"model": "auth.permission", "pk": 67, "fields": {"name": "Can delete User Profile", "content_type": 24, "codename": "delete_userprofile"}}, {"model": "auth.permission", "pk": 68, "fields": {"name": "Can add filter", "content_type": 25, "codename": "add_filter"}}, {"model": "auth.permission", "pk": 69, "fields": {"name": "Can change filter", "content_type": 25, "codename": "change_filter"}}, {"model": "auth.permission", "pk": 70, "fields": {"name": "Can delete filter", "content_type": 25, "codename": "delete_filter"}}, {"model": "auth.permission", "pk": 71, "fields": {"name": "Can add rendition", "content_type": 26, "codename": "add_rendition"}}, {"model": "auth.permission", "pk": 72, "fields": {"name": "Can change rendition", "content_type": 26, "codename": "change_rendition"}}, {"model": "auth.permission", "pk": 73, "fields": {"name": "Can delete rendition", "content_type": 26, "codename": "delete_rendition"}}, {"model": "auth.permission", "pk": 74, "fields": {"name": "Can add query", "content_type": 27, "codename": "add_query"}}, {"model": "auth.permission", "pk": 75, "fields": {"name": "Can change query", "content_type": 27, "codename": "change_query"}}, {"model": "auth.permission", "pk": 76, "fields": {"name": "Can delete query", "content_type": 27, "codename": "delete_query"}}, {"model": "auth.permission", "pk": 77, "fields": {"name": "Can add Query Daily Hits", "content_type": 28, "codename": "add_querydailyhits"}}, {"model": "auth.permission", "pk": 78, "fields": {"name": "Can change Query Daily Hits", "content_type": 28, "codename": "change_querydailyhits"}}, {"model": "auth.permission", "pk": 79, "fields": {"name": "Can delete Query Daily Hits", "content_type": 28, "codename": "delete_querydailyhits"}}, {"model": "auth.permission", "pk": 80, "fields": {"name": "Can add site", "content_type": 29, "codename": "add_site"}}, {"model": "auth.permission", "pk": 81, "fields": {"name": "Can change site", "content_type": 29, "codename": "change_site"}}, {"model": "auth.permission", "pk": 82, "fields": {"name": "Can delete site", "content_type": 29, "codename": "delete_site"}}, {"model": "auth.permission", "pk": 83, "fields": {"name": "Can add page", "content_type": 1, "codename": "add_page"}}, {"model": "auth.permission", "pk": 84, "fields": {"name": "Can change page", "content_type": 1, "codename": "change_page"}}, {"model": "auth.permission", "pk": 85, "fields": {"name": "Can delete page", "content_type": 1, "codename": "delete_page"}}, {"model": "auth.permission", "pk": 86, "fields": {"name": "Can add page revision", "content_type": 30, "codename": "add_pagerevision"}}, {"model": "auth.permission", "pk": 87, "fields": {"name": "Can change page revision", "content_type": 30, "codename": "change_pagerevision"}}, {"model": "auth.permission", "pk": 88, "fields": {"name": "Can delete page revision", "content_type": 30, "codename": "delete_pagerevision"}}, {"model": "auth.permission", "pk": 89, "fields": {"name": "Can add group page permission", "content_type": 31, "codename": "add_grouppagepermission"}}, {"model": "auth.permission", "pk": 90, "fields": {"name": "Can change group page permission", "content_type": 31, "codename": "change_grouppagepermission"}}, {"model": "auth.permission", "pk": 91, "fields": {"name": "Can delete group page permission", "content_type": 31, "codename": "delete_grouppagepermission"}}, {"model": "auth.permission", "pk": 92, "fields": {"name": "Can add page view restriction", "content_type": 32, "codename": "add_pageviewrestriction"}}, {"model": "auth.permission", "pk": 93, "fields": {"name": "Can change page view restriction", "content_type": 32, "codename": "change_pageviewrestriction"}}, {"model": "auth.permission", "pk": 94, "fields": {"name": "Can delete page view restriction", "content_type": 32, "codename": "delete_pageviewrestriction"}}, {"model": "auth.permission", "pk": 95, "fields": {"name": "Can add Tag", "content_type": 33, "codename": "add_tag"}}, {"model": "auth.permission", "pk": 96, "fields": {"name": "Can change Tag", "content_type": 33, "codename": "change_tag"}}, {"model": "auth.permission", "pk": 97, "fields": {"name": "Can delete Tag", "content_type": 33, "codename": "delete_tag"}}, {"model": "auth.permission", "pk": 98, "fields": {"name": "Can add Tagged Item", "content_type": 34, "codename": "add_taggeditem"}}, {"model": "auth.permission", "pk": 99, "fields": {"name": "Can change Tagged Item", "content_type": 34, "codename": "change_taggeditem"}}, {"model": "auth.permission", "pk": 100, "fields": {"name": "Can delete Tagged Item", "content_type": 34, "codename": "delete_taggeditem"}}, {"model": "auth.permission", "pk": 101, "fields": {"name": "Can add log entry", "content_type": 35, "codename": "add_logentry"}}, {"model": "auth.permission", "pk": 102, "fields": {"name": "Can change log entry", "content_type": 35, "codename": "change_logentry"}}, {"model": "auth.permission", "pk": 103, "fields": {"name": "Can delete log entry", "content_type": 35, "codename": "delete_logentry"}}, {"model": "auth.permission", "pk": 104, "fields": {"name": "Can add permission", "content_type": 36, "codename": "add_permission"}}, {"model": "auth.permission", "pk": 105, "fields": {"name": "Can change permission", "content_type": 36, "codename": "change_permission"}}, {"model": "auth.permission", "pk": 106, "fields": {"name": "Can delete permission", "content_type": 36, "codename": "delete_permission"}}, {"model": "auth.permission", "pk": 107, "fields": {"name": "Can add group", "content_type": 37, "codename": "add_group"}}, {"model": "auth.permission", "pk": 108, "fields": {"name": "Can change group", "content_type": 37, "codename": "change_group"}}, {"model": "auth.permission", "pk": 109, "fields": {"name": "Can delete group", "content_type": 37, "codename": "delete_group"}}, {"model": "auth.permission", "pk": 110, "fields": {"name": "Can add user", "content_type": 38, "codename": "add_user"}}, {"model": "auth.permission", "pk": 111, "fields": {"name": "Can change user", "content_type": 38, "codename": "change_user"}}, {"model": "auth.permission", "pk": 112, "fields": {"name": "Can delete user", "content_type": 38, "codename": "delete_user"}}, {"model": "auth.permission", "pk": 113, "fields": {"name": "Can add content type", "content_type": 39, "codename": "add_contenttype"}}, {"model": "auth.permission", "pk": 114, "fields": {"name": "Can change content type", "content_type": 39, "codename": "change_contenttype"}}, {"model": "auth.permission", "pk": 115, "fields": {"name": "Can delete content type", "content_type": 39, "codename": "delete_contenttype"}}, {"model": "auth.permission", "pk": 116, "fields": {"name": "Can add session", "content_type": 40, "codename": "add_session"}}, {"model": "auth.permission", "pk": 117, "fields": {"name": "Can change session", "content_type": 40, "codename": "change_session"}}, {"model": "auth.permission", "pk": 118, "fields": {"name": "Can delete session", "content_type": 40, "codename": "delete_session"}}, {"model": "auth.permission", "pk": 119, "fields": {"name": "Can add data", "content_type": 41, "codename": "add_data"}}, {"model": "auth.permission", "pk": 120, "fields": {"name": "Can change data", "content_type": 41, "codename": "change_data"}}, {"model": "auth.permission", "pk": 121, "fields": {"name": "Can delete data", "content_type": 41, "codename": "delete_data"}}, {"model": "auth.permission", "pk": 122, "fields": {"name": "Can add home page top stories", "content_type": 42, "codename": "add_homepagetopstories"}}, {"model": "auth.permission", "pk": 123, "fields": {"name": "Can change home page top stories", "content_type": 42, "codename": "change_homepagetopstories"}}, {"model": "auth.permission", "pk": 124, "fields": {"name": "Can delete home page top stories", "content_type": 42, "codename": "delete_homepagetopstories"}}, {"model": "auth.permission", "pk": 125, "fields": {"name": "Can add menu", "content_type": 43, "codename": "add_menu"}}, {"model": "auth.permission", "pk": 126, "fields": {"name": "Can change menu", "content_type": 43, "codename": "change_menu"}}, {"model": "auth.permission", "pk": 127, "fields": {"name": "Can delete menu", "content_type": 43, "codename": "delete_menu"}}, {"model": "auth.group", "pk": 1, "fields": {"name": "Moderators", "permissions": [1, 2, 3, 4, 5, 6, 7]}}, {"model": "auth.group", "pk": 2, "fields": {"name": "Editors", "permissions": [1, 2, 3, 4, 5, 6, 7]}}, {"model": "auth.user", "pk": 1, "fields": {"password": "pbkdf2_sha256$24000$pkl5YrurYLmI$EIsg4kErMg+mzSXwv70cTIIUc+oN/aoIXyTaRzcLrE8=", "last_login": "2016-01-21T01:53:14.909Z", "is_superuser": true, "username": "admin", "first_name": "", "last_name": "", "email": "rhodges@ecotrust.org", "is_staff": true, "is_active": true, "date_joined": "2015-12-22T02:02:49.697Z", "groups": [], "user_permissions": []}}, {"model": "wagtailcore.grouppagepermission", "pk": 1, "fields": {"group": 1, "page": 1, "permission_type": "add"}}, {"model": "wagtailcore.grouppagepermission", "pk": 2, "fields": {"group": 1, "page": 1, "permission_type": "edit"}}, {"model": "wagtailcore.grouppagepermission", "pk": 3, "fields": {"group": 1, "page": 1, "permission_type": "publish"}}, {"model": "wagtailcore.grouppagepermission", "pk": 4, "fields": {"group": 2, "page": 1, "permission_type": "add"}}, {"model": "wagtailcore.grouppagepermission", "pk": 5, "fields": {"group": 2, "page": 1, "permission_type": "edit"}}, {"model": "wagtailcore.grouppagepermission", "pk": 6, "fields": {"group": 1, "page": 1, "permission_type": "lock"}}, {"model": "wagtailcore.pagerevision", "pk": 1, "fields": {"page": 4, "submitted_for_moderation": false, "created_at": "2015-12-22T02:18:26.355Z", "user": 1, "content_json": "{\"locked\": false, \"title\": \"Community Economic Development\", \"numchild\": 0, \"show_in_menus\": false, \"live\": true, \"seo_title\": \"\", \"search_description\": \"\", \"depth\": 3, \"latest_revision_created_at\": null, \"has_unpublished_changes\": false, \"content_type\": 6, \"path\": \"000100010001\", \"owner\": 1, \"pk\": 4, \"first_published_at\": null, \"url_path\": \"/home/community-economic-development/\", \"expired\": false, \"slug\": \"community-economic-development\", \"expire_at\": null, \"go_live_at\": null}", "approved_go_live_at": null}}, {"model": "wagtailcore.pagerevision", "pk": 2, "fields": {"page": 5, "submitted_for_moderation": false, "created_at": "2015-12-22T02:18:50.817Z", "user": 1, "content_json": "{\"locked\": false, \"title\": \"Local and statewide economic impact\", \"numchild\": 0, \"show_in_menus\": false, \"live\": true, \"seo_title\": \"\", \"search_description\": \"\", \"depth\": 4, \"latest_revision_created_at\": null, \"has_unpublished_changes\": false, \"content_type\": 10, \"path\": \"0001000100010001\", \"owner\": 1, \"pk\": 5, \"first_published_at\": null, \"url_path\": \"/home/community-economic-development/local-and-statewide-economic-impact/\", \"expired\": false, \"slug\": \"local-and-statewide-economic-impact\", \"expire_at\": null, \"go_live_at\": null}", "approved_go_live_at": null}}, {"model": "wagtailcore.pagerevision", "pk": 3, "fields": {"page": 6, "submitted_for_moderation": false, "created_at": "2015-12-22T02:19:01.233Z", "user": 1, "content_json": "{\"locked\": false, \"title\": \"Increase in market opportunities/income generation for local producers, processors, and distributors through sales to school districts\", \"numchild\": 0, \"show_in_menus\": false, \"live\": true, \"seo_title\": \"\", \"search_description\": \"\", \"depth\": 5, \"latest_revision_created_at\": null, \"has_unpublished_changes\": false, \"content_type\": 12, \"path\": \"00010001000100010001\", \"owner\": 1, \"pk\": 6, \"first_published_at\": null, \"url_path\": \"/home/community-economic-development/local-and-statewide-economic-impact/increase-market-opportunitiesincome-generation-local-producers-processors-and-distributors-through-sales-school-districts/\", \"expired\": false, \"slug\": \"increase-market-opportunitiesincome-generation-local-producers-processors-and-distributors-through-sales-school-districts\", \"expire_at\": null, \"go_live_at\": null}", "approved_go_live_at": null}}, {"model": "wagtailcore.pagerevision", "pk": 4, "fields": {"page": 7, "submitted_for_moderation": false, "created_at": "2015-12-22T02:19:11.864Z", "user": 1, "content_json": "{\"page_type\": \"Core Measure\", \"locked\": false, \"title\": \"Percentage of total food budget spent on local and Oregon foods by school districts\", \"numchild\": 0, \"show_in_menus\": false, \"live\": true, \"seo_title\": \"\", \"search_description\": \"\", \"depth\": 6, \"latest_revision_created_at\": null, \"has_unpublished_changes\": false, \"content_type\": 14, \"path\": \"000100010001000100010001\", \"owner\": 1, \"pk\": 7, \"first_published_at\": null, \"url_path\": \"/home/community-economic-development/local-and-statewide-economic-impact/increase-market-opportunitiesincome-generation-local-producers-processors-and-distributors-through-sales-school-districts/percentage-total-food-budget-spent-local-and-oregon-foods-school-districts/\", \"expired\": false, \"slug\": \"percentage-total-food-budget-spent-local-and-oregon-foods-school-districts\", \"expire_at\": null, \"go_live_at\": null}", "approved_go_live_at": null}}, {"model": "wagtailcore.pagerevision", "pk": 5, "fields": {"page": 8, "submitted_for_moderation": false, "created_at": "2015-12-22T02:19:23.866Z", "user": 1, "content_json": "{\"page_type\": \"Core Measure\", \"locked\": false, \"title\": \"Total dollar amount of all local and Oregon products (overall and by type) purchased by school districts\", \"numchild\": 0, \"show_in_menus\": false, \"live\": true, \"seo_title\": \"\", \"search_description\": \"\", \"depth\": 6, \"latest_revision_created_at\": null, \"has_unpublished_changes\": false, \"content_type\": 14, \"path\": \"000100010001000100010002\", \"owner\": 1, \"pk\": 8, \"first_published_at\": null, \"url_path\": \"/home/community-economic-development/local-and-statewide-economic-impact/increase-market-opportunitiesincome-generation-local-producers-processors-and-distributors-through-sales-school-districts/total-dollar-amount-all-local-and-oregon-products-overall-and-type-purchased-school-districts/\", \"expired\": false, \"slug\": \"total-dollar-amount-all-local-and-oregon-products-overall-and-type-purchased-school-districts\", \"expire_at\": null, \"go_live_at\": null}", "approved_go_live_at": null}}, {"model": "wagtailcore.pagerevision", "pk": 6, "fields": {"page": 9, "submitted_for_moderation": false, "created_at": "2015-12-22T02:19:35.608Z", "user": 1, "content_json": "{\"page_type\": \"Core Measure\", \"locked\": false, \"title\": \"Number or percentage of school districts that purchase Oregon-grown/locally-grown or processed products\", \"numchild\": 0, \"show_in_menus\": false, \"live\": true, \"seo_title\": \"\", \"search_description\": \"\", \"depth\": 6, \"latest_revision_created_at\": null, \"has_unpublished_changes\": false, \"content_type\": 14, \"path\": \"000100010001000100010003\", \"owner\": 1, \"pk\": 9, \"first_published_at\": null, \"url_path\": \"/home/community-economic-development/local-and-statewide-economic-impact/increase-market-opportunitiesincome-generation-local-producers-processors-and-distributors-through-sales-school-districts/number-or-percentage-school-districts-purchase-oregon-grownlocally-grown-or-processed-products/\", \"expired\": false, \"slug\": \"number-or-percentage-school-districts-purchase-oregon-grownlocally-grown-or-processed-products\", \"expire_at\": null, \"go_live_at\": null}", "approved_go_live_at": null}}, {"model": "wagtailcore.pagerevision", "pk": 7, "fields": {"page": 10, "submitted_for_moderation": false, "created_at": "2015-12-22T02:19:47.054Z", "user": 1, "content_json": "{\"page_type\": \"Core Measure\", \"locked\": false, \"title\": \"Number of producers, processors and distributors supplying local and Oregon products to school districts\", \"numchild\": 0, \"show_in_menus\": false, \"live\": true, \"seo_title\": \"\", \"search_description\": \"\", \"depth\": 6, \"latest_revision_created_at\": null, \"has_unpublished_changes\": false, \"content_type\": 14, \"path\": \"000100010001000100010004\", \"owner\": 1, \"pk\": 10, \"first_published_at\": null, \"url_path\": \"/home/community-economic-development/local-and-statewide-economic-impact/increase-market-opportunitiesincome-generation-local-producers-processors-and-distributors-through-sales-school-districts/number-producers-processors-and-distributors-supplying-local-and-oregon-products-school-districts/\", \"expired\": false, \"slug\": \"number-producers-processors-and-distributors-supplying-local-and-oregon-products-school-districts\", \"expire_at\": null, \"go_live_at\": null}", "approved_go_live_at": null}}, {"model": "wagtailcore.pagerevision", "pk": 8, "fields": {"page": 11, "submitted_for_moderation": false, "created_at": "2015-12-22T02:19:57.955Z", "user": 1, "content_json": "{\"page_type\": \"Core Measure\", \"locked\": false, \"title\": \"Number of new jobs created by food producers, processors, or distributors due to farm to school market demand\", \"numchild\": 0, \"show_in_menus\": false, \"live\": true, \"seo_title\": \"\", \"search_description\": \"\", \"depth\": 6, \"latest_revision_created_at\": null, \"has_unpublished_changes\": false, \"content_type\": 14, \"path\": \"000100010001000100010005\", \"owner\": 1, \"pk\": 11, \"first_published_at\": null, \"url_path\": \"/home/community-economic-development/local-and-statewide-economic-impact/increase-market-opportunitiesincome-generation-local-producers-processors-and-distributors-through-sales-school-districts/number-new-jobs-created-food-producers-processors-or-distributors-due-farm-school-market-demand/\", \"expired\": false, \"slug\": \"number-new-jobs-created-food-producers-processors-or-distributors-due-farm-school-market-demand\", \"expire_at\": null, \"go_live_at\": null}", "approved_go_live_at": null}}, {"model": "wagtailcore.pagerevision", "pk": 9, "fields": {"page": 12, "submitted_for_moderation": false, "created_at": "2015-12-22T02:20:12.544Z", "user": 1, "content_json": "{\"page_type\": \"Core Measure\", \"locked\": false, \"title\": \"School districts across Oregon utilize a wide range of methods to purchase local/Oregon products: a.) direct from farmers, b.) through a distributor, c.) through growers' cooperatives, d.) using innovative procurement strategies (such as forward contracti\", \"numchild\": 0, \"show_in_menus\": false, \"live\": true, \"seo_title\": \"\", \"search_description\": \"\", \"depth\": 6, \"latest_revision_created_at\": null, \"has_unpublished_changes\": false, \"content_type\": 14, \"path\": \"000100010001000100010006\", \"owner\": 1, \"pk\": 12, \"first_published_at\": null, \"url_path\": \"/home/community-economic-development/local-and-statewide-economic-impact/increase-market-opportunitiesincome-generation-local-producers-processors-and-distributors-through-sales-school-districts/school-districts-across-oregon-utilize-wide-range-methods-purchase-localoregon-products-direct-farmers-b-through-distributor-c-through-growers-cooperatives-d-using-innovative-procurement-strategies-such-forward-contracti/\", \"expired\": false, \"slug\": \"school-districts-across-oregon-utilize-wide-range-methods-purchase-localoregon-products-direct-farmers-b-through-distributor-c-through-growers-cooperatives-d-using-innovative-procurement-strategies-such-forward-contracti\", \"expire_at\": null, \"go_live_at\": null}", "approved_go_live_at": null}}, {"model": "wagtailcore.pagerevision", "pk": 10, "fields": {"page": 13, "submitted_for_moderation": false, "created_at": "2015-12-22T02:20:24.020Z", "user": 1, "content_json": "{\"page_type\": \"Recommendation\", \"locked\": false, \"title\": \"Recommendation 1\", \"numchild\": 0, \"show_in_menus\": false, \"live\": true, \"seo_title\": \"\", \"search_description\": \"\", \"depth\": 6, \"latest_revision_created_at\": null, \"has_unpublished_changes\": false, \"content_type\": 16, \"path\": \"000100010001000100010007\", \"owner\": 1, \"pk\": 13, \"first_published_at\": null, \"url_path\": \"/home/community-economic-development/local-and-statewide-economic-impact/increase-market-opportunitiesincome-generation-local-producers-processors-and-distributors-through-sales-school-districts/recommendation-1/\", \"expired\": false, \"slug\": \"recommendation-1\", \"expire_at\": null, \"go_live_at\": null}", "approved_go_live_at": null}}, {"model": "wagtailcore.pagerevision", "pk": 11, "fields": {"page": 14, "submitted_for_moderation": false, "created_at": "2015-12-22T02:20:33.723Z", "user": 1, "content_json": "{\"page_type\": \"Recommendation\", \"locked\": false, \"title\": \"Recommendation 2\", \"numchild\": 0, \"show_in_menus\": false, \"live\": true, \"seo_title\": \"\", \"search_description\": \"\", \"depth\": 6, \"latest_revision_created_at\": null, \"has_unpublished_changes\": false, \"content_type\": 16, \"path\": \"000100010001000100010008\", \"owner\": 1, \"pk\": 14, \"first_published_at\": null, \"url_path\": \"/home/community-economic-development/local-and-statewide-economic-impact/increase-market-opportunitiesincome-generation-local-producers-processors-and-distributors-through-sales-school-districts/recommendation-2/\", \"expired\": false, \"slug\": \"recommendation-2\", \"expire_at\": null, \"go_live_at\": null}", "approved_go_live_at": null}}, {"model": "wagtailcore.pagerevision", "pk": 12, "fields": {"page": 15, "submitted_for_moderation": false, "created_at": "2015-12-22T02:21:02.644Z", "user": 1, "content_json": "{\"locked\": false, \"title\": \"Social capital built in school districts and the community\", \"numchild\": 0, \"show_in_menus\": false, \"live\": true, \"seo_title\": \"\", \"search_description\": \"\", \"depth\": 4, \"latest_revision_created_at\": null, \"has_unpublished_changes\": false, \"content_type\": 10, \"path\": \"0001000100010002\", \"owner\": 1, \"pk\": 15, \"first_published_at\": null, \"url_path\": \"/home/community-economic-development/social-capital-built-school-districts-and-community/\", \"expired\": false, \"slug\": \"social-capital-built-school-districts-and-community\", \"expire_at\": null, \"go_live_at\": null}", "approved_go_live_at": null}}, {"model": "wagtailcore.pagerevision", "pk": 13, "fields": {"page": 16, "submitted_for_moderation": false, "created_at": "2015-12-22T02:21:16.397Z", "user": 1, "content_json": "{\"locked\": false, \"title\": \"Mutually supportive relationships resolt in access to resources shared between community and school districts\", \"numchild\": 0, \"show_in_menus\": false, \"live\": true, \"seo_title\": \"\", \"search_description\": \"\", \"depth\": 5, \"latest_revision_created_at\": null, \"has_unpublished_changes\": false, \"content_type\": 12, \"path\": \"00010001000100020001\", \"owner\": 1, \"pk\": 16, \"first_published_at\": null, \"url_path\": \"/home/community-economic-development/social-capital-built-school-districts-and-community/mutually-supportive-relationships-resolt-access-resources-shared-between-community-and-school-districts/\", \"expired\": false, \"slug\": \"mutually-supportive-relationships-resolt-access-resources-shared-between-community-and-school-districts\", \"expire_at\": null, \"go_live_at\": null}", "approved_go_live_at": null}}, {"model": "wagtailcore.pagerevision", "pk": 14, "fields": {"page": 17, "submitted_for_moderation": false, "created_at": "2015-12-22T02:21:28.833Z", "user": 1, "content_json": "{\"page_type\": \"Core Measure\", \"locked\": false, \"title\": \"Availability of funding for school districts to engage the community in farm to school efforts\", \"numchild\": 0, \"show_in_menus\": false, \"live\": true, \"seo_title\": \"\", \"search_description\": \"\", \"depth\": 6, \"latest_revision_created_at\": null, \"has_unpublished_changes\": false, \"content_type\": 14, \"path\": \"000100010001000200010001\", \"owner\": 1, \"pk\": 17, \"first_published_at\": null, \"url_path\": \"/home/community-economic-development/social-capital-built-school-districts-and-community/mutually-supportive-relationships-resolt-access-resources-shared-between-community-and-school-districts/availability-funding-school-districts-engage-community-farm-school-efforts/\", \"expired\": false, \"slug\": \"availability-funding-school-districts-engage-community-farm-school-efforts\", \"expire_at\": null, \"go_live_at\": null}", "approved_go_live_at": null}}, {"model": "wagtailcore.pagerevision", "pk": 15, "fields": {"page": 18, "submitted_for_moderation": false, "created_at": "2015-12-22T02:21:40.677Z", "user": 1, "content_json": "{\"page_type\": \"Core Measure\", \"locked\": false, \"title\": \"Coordinated statewide efforts exist to increase parent and caregiver knowledge, attitudes, and behaviors towards purchasing Oregon foods that are promoted in schools\", \"numchild\": 0, \"show_in_menus\": false, \"live\": true, \"seo_title\": \"\", \"search_description\": \"\", \"depth\": 6, \"latest_revision_created_at\": null, \"has_unpublished_changes\": false, \"content_type\": 14, \"path\": \"000100010001000200010002\", \"owner\": 1, \"pk\": 18, \"first_published_at\": null, \"url_path\": \"/home/community-economic-development/social-capital-built-school-districts-and-community/mutually-supportive-relationships-resolt-access-resources-shared-between-community-and-school-districts/coordinated-statewide-efforts-exist-increase-parent-and-caregiver-knowledge-attitudes-and-behaviors-towards-purchasing-oregon-foods-are-promoted-schools/\", \"expired\": false, \"slug\": \"coordinated-statewide-efforts-exist-increase-parent-and-caregiver-knowledge-attitudes-and-behaviors-towards-purchasing-oregon-foods-are-promoted-schools\", \"expire_at\": null, \"go_live_at\": null}", "approved_go_live_at": null}}, {"model": "wagtailcore.pagerevision", "pk": 16, "fields": {"page": 19, "submitted_for_moderation": false, "created_at": "2015-12-22T02:21:52.960Z", "user": 1, "content_json": "{\"page_type\": \"Core Measure\", \"locked\": false, \"title\": \"Number or percent of school districts that utilize promotional activities related to local foods: a.) in the school environment, b.) in the community\", \"numchild\": 0, \"show_in_menus\": false, \"live\": true, \"seo_title\": \"\", \"search_description\": \"\", \"depth\": 6, \"latest_revision_created_at\": null, \"has_unpublished_changes\": false, \"content_type\": 14, \"path\": \"000100010001000200010003\", \"owner\": 1, \"pk\": 19, \"first_published_at\": null, \"url_path\": \"/home/community-economic-development/social-capital-built-school-districts-and-community/mutually-supportive-relationships-resolt-access-resources-shared-between-community-and-school-districts/number-or-percent-school-districts-utilize-promotional-activities-related-local-foods-school-environment-b-community/\", \"expired\": false, \"slug\": \"number-or-percent-school-districts-utilize-promotional-activities-related-local-foods-school-environment-b-community\", \"expire_at\": null, \"go_live_at\": null}", "approved_go_live_at": null}}, {"model": "wagtailcore.pagerevision", "pk": 17, "fields": {"page": 20, "submitted_for_moderation": false, "created_at": "2015-12-22T02:22:06.080Z", "user": 1, "content_json": "{\"page_type\": \"Core Measure\", \"locked\": false, \"title\": \"Oregon Farm to School and School Garden Network membership includes: a.) participants from all geographic regions of the state, b.) participation by state agencies (Oregon Department of Agricolture, Oregon Department of Education, Oregon State University \", \"numchild\": 0, \"show_in_menus\": false, \"live\": true, \"seo_title\": \"\", \"search_description\": \"\", \"depth\": 6, \"latest_revision_created_at\": null, \"has_unpublished_changes\": false, \"content_type\": 14, \"path\": \"000100010001000200010004\", \"owner\": 1, \"pk\": 20, \"first_published_at\": null, \"url_path\": \"/home/community-economic-development/social-capital-built-school-districts-and-community/mutually-supportive-relationships-resolt-access-resources-shared-between-community-and-school-districts/oregon-farm-school-and-school-garden-network-membership-includes-participants-all-geographic-regions-state-b-participation-state-agencies-oregon-department-agricolture-oregon-department-education-oregon-state-university/\", \"expired\": false, \"slug\": \"oregon-farm-school-and-school-garden-network-membership-includes-participants-all-geographic-regions-state-b-participation-state-agencies-oregon-department-agricolture-oregon-department-education-oregon-state-university\", \"expire_at\": null, \"go_live_at\": null}", "approved_go_live_at": null}}, {"model": "wagtailcore.pagerevision", "pk": 18, "fields": {"page": 21, "submitted_for_moderation": false, "created_at": "2015-12-22T02:22:18.917Z", "user": 1, "content_json": "{\"locked\": false, \"title\": \"State agency support for local and regional foods\", \"numchild\": 0, \"show_in_menus\": false, \"live\": true, \"seo_title\": \"\", \"search_description\": \"\", \"depth\": 4, \"latest_revision_created_at\": null, \"has_unpublished_changes\": false, \"content_type\": 10, \"path\": \"0001000100010003\", \"owner\": 1, \"pk\": 21, \"first_published_at\": null, \"url_path\": \"/home/community-economic-development/state-agency-support-local-and-regional-foods/\", \"expired\": false, \"slug\": \"state-agency-support-local-and-regional-foods\", \"expire_at\": null, \"go_live_at\": null}", "approved_go_live_at": null}}, {"model": "wagtailcore.pagerevision", "pk": 19, "fields": {"page": 22, "submitted_for_moderation": false, "created_at": "2015-12-22T02:22:32.176Z", "user": 1, "content_json": "{\"locked\": false, \"title\": \"State agency programs and procurement policies support local and regional foods\", \"numchild\": 0, \"show_in_menus\": false, \"live\": true, \"seo_title\": \"\", \"search_description\": \"\", \"depth\": 5, \"latest_revision_created_at\": null, \"has_unpublished_changes\": false, \"content_type\": 12, \"path\": \"00010001000100030001\", \"owner\": 1, \"pk\": 22, \"first_published_at\": null, \"url_path\": \"/home/community-economic-development/state-agency-support-local-and-regional-foods/state-agency-programs-and-procurement-policies-support-local-and-regional-foods/\", \"expired\": false, \"slug\": \"state-agency-programs-and-procurement-policies-support-local-and-regional-foods\", \"expire_at\": null, \"go_live_at\": null}", "approved_go_live_at": null}}, {"model": "wagtailcore.pagerevision", "pk": 20, "fields": {"page": 23, "submitted_for_moderation": false, "created_at": "2015-12-22T02:22:53.126Z", "user": 1, "content_json": "{\"page_type\": \"Core Measure\", \"locked\": false, \"title\": \"Funding for Farm to School and/or School Garden Programs and staff within Oregon Department of Agricolture and Oregon Department of Education: a.) established as permanent/recurring in the state budget, b.) provides resources to these agencies to provide \", \"numchild\": 0, \"show_in_menus\": false, \"live\": true, \"seo_title\": \"\", \"search_description\": \"\", \"depth\": 6, \"latest_revision_created_at\": null, \"has_unpublished_changes\": false, \"content_type\": 14, \"path\": \"000100010001000300010001\", \"owner\": 1, \"pk\": 23, \"first_published_at\": null, \"url_path\": \"/home/community-economic-development/state-agency-support-local-and-regional-foods/state-agency-programs-and-procurement-policies-support-local-and-regional-foods/funding-farm-school-andor-school-garden-programs-and-staff-within-oregon-department-agricolture-and-oregon-department-education-established-permanentrecurring-state-budget-b-provides-resources-these-agencies-provide/\", \"expired\": false, \"slug\": \"funding-farm-school-andor-school-garden-programs-and-staff-within-oregon-department-agricolture-and-oregon-department-education-established-permanentrecurring-state-budget-b-provides-resources-these-agencies-provide\", \"expire_at\": null, \"go_live_at\": null}", "approved_go_live_at": null}}, {"model": "wagtailcore.pagerevision", "pk": 21, "fields": {"page": 24, "submitted_for_moderation": false, "created_at": "2015-12-22T02:23:05.830Z", "user": 1, "content_json": "{\"page_type\": \"Core Measure\", \"locked\": false, \"title\": \"Availability of state funding to districts in the state: a.) for purchasing Oregon-grown and processed food products, b.) for food-based, agricolture-based and edible garden-based educational activities, and c.) established as permanent/recurring in the s\", \"numchild\": 0, \"show_in_menus\": false, \"live\": true, \"seo_title\": \"\", \"search_description\": \"\", \"depth\": 6, \"latest_revision_created_at\": null, \"has_unpublished_changes\": false, \"content_type\": 14, \"path\": \"000100010001000300010002\", \"owner\": 1, \"pk\": 24, \"first_published_at\": null, \"url_path\": \"/home/community-economic-development/state-agency-support-local-and-regional-foods/state-agency-programs-and-procurement-policies-support-local-and-regional-foods/availability-state-funding-districts-state-purchasing-oregon-grown-and-processed-food-products-b-food-based-agricolture-based-and-edible-garden-based-educational-activities-and-c-established-permanentrecurring-s/\", \"expired\": false, \"slug\": \"availability-state-funding-districts-state-purchasing-oregon-grown-and-processed-food-products-b-food-based-agricolture-based-and-edible-garden-based-educational-activities-and-c-established-permanentrecurring-s\", \"expire_at\": null, \"go_live_at\": null}", "approved_go_live_at": null}}, {"model": "wagtailcore.pagerevision", "pk": 22, "fields": {"page": 25, "submitted_for_moderation": false, "created_at": "2015-12-22T02:23:21.712Z", "user": 1, "content_json": "{\"locked\": false, \"title\": \"Education\", \"numchild\": 0, \"show_in_menus\": false, \"live\": true, \"seo_title\": \"\", \"search_description\": \"\", \"depth\": 3, \"latest_revision_created_at\": null, \"has_unpublished_changes\": false, \"content_type\": 6, \"path\": \"000100010002\", \"owner\": 1, \"pk\": 25, \"first_published_at\": null, \"url_path\": \"/home/education/\", \"expired\": false, \"slug\": \"education\", \"expire_at\": null, \"go_live_at\": null}", "approved_go_live_at": null}}, {"model": "wagtailcore.pagerevision", "pk": 23, "fields": {"page": 26, "submitted_for_moderation": false, "created_at": "2015-12-22T02:23:30.606Z", "user": 1, "content_json": "{\"locked\": false, \"title\": \"Increase in student knowledge about food and its impact on health, community economics, and the environment\", \"numchild\": 0, \"show_in_menus\": false, \"live\": true, \"seo_title\": \"\", \"search_description\": \"\", \"depth\": 4, \"latest_revision_created_at\": null, \"has_unpublished_changes\": false, \"content_type\": 10, \"path\": \"0001000100020001\", \"owner\": 1, \"pk\": 26, \"first_published_at\": null, \"url_path\": \"/home/education/increase-student-knowledge-about-food-and-its-impact-health-community-economics-and-environment/\", \"expired\": false, \"slug\": \"increase-student-knowledge-about-food-and-its-impact-health-community-economics-and-environment\", \"expire_at\": null, \"go_live_at\": null}", "approved_go_live_at": null}}, {"model": "wagtailcore.pagerevision", "pk": 24, "fields": {"page": 27, "submitted_for_moderation": false, "created_at": "2015-12-22T02:23:50.777Z", "user": 1, "content_json": "{\"locked\": false, \"title\": \"Education policy and programs support farm to school activities\", \"numchild\": 0, \"show_in_menus\": false, \"live\": true, \"seo_title\": \"\", \"search_description\": \"\", \"depth\": 4, \"latest_revision_created_at\": null, \"has_unpublished_changes\": false, \"content_type\": 10, \"path\": \"0001000100020002\", \"owner\": 1, \"pk\": 27, \"first_published_at\": null, \"url_path\": \"/home/education/education-policy-and-programs-support-farm-school-activities/\", \"expired\": false, \"slug\": \"education-policy-and-programs-support-farm-school-activities\", \"expire_at\": null, \"go_live_at\": null}", "approved_go_live_at": null}}, {"model": "wagtailcore.pagerevision", "pk": 25, "fields": {"page": 28, "submitted_for_moderation": false, "created_at": "2015-12-22T02:24:12.094Z", "user": 1, "content_json": "{\"locked\": false, \"title\": \"Increase in student knowledge about food and its impact on health, community economics, and the environment\", \"numchild\": 0, \"show_in_menus\": false, \"live\": true, \"seo_title\": \"\", \"search_description\": \"\", \"depth\": 5, \"latest_revision_created_at\": null, \"has_unpublished_changes\": false, \"content_type\": 12, \"path\": \"00010001000200010001\", \"owner\": 1, \"pk\": 28, \"first_published_at\": null, \"url_path\": \"/home/education/increase-student-knowledge-about-food-and-its-impact-health-community-economics-and-environment/increase-student-knowledge-about-food-and-its-impact-health-community-economics-and-environment/\", \"expired\": false, \"slug\": \"increase-student-knowledge-about-food-and-its-impact-health-community-economics-and-environment\", \"expire_at\": null, \"go_live_at\": null}", "approved_go_live_at": null}}, {"model": "wagtailcore.pagerevision", "pk": 26, "fields": {"page": 26, "submitted_for_moderation": false, "created_at": "2015-12-22T02:25:08.424Z", "user": 1, "content_json": "{\"locked\": false, \"title\": \"Increase food literacy in students in schools\", \"numchild\": 1, \"show_in_menus\": false, \"live\": true, \"seo_title\": \"\", \"search_description\": \"\", \"depth\": 4, \"latest_revision_created_at\": \"2015-12-22T02:23:30.606Z\", \"has_unpublished_changes\": false, \"content_type\": 10, \"path\": \"0001000100020001\", \"owner\": 1, \"pk\": 26, \"first_published_at\": \"2015-12-22T02:23:30.618Z\", \"url_path\": \"/home/education/increase-student-knowledge-about-food-and-its-impact-health-community-economics-and-environment/\", \"expired\": false, \"slug\": \"increase-student-knowledge-about-food-and-its-impact-health-community-economics-and-environment\", \"expire_at\": null, \"go_live_at\": null}", "approved_go_live_at": null}}, {"model": "wagtailcore.pagerevision", "pk": 27, "fields": {"page": 29, "submitted_for_moderation": false, "created_at": "2015-12-22T02:25:26.678Z", "user": 1, "content_json": "{\"page_type\": \"Core Measure\", \"locked\": false, \"title\": \"Number of school districts offering farm to school educational activities (such as school gardening, farm field trips, Future Farmers of America, cooking, nutrition and food-based lessons)\", \"numchild\": 0, \"show_in_menus\": false, \"live\": true, \"seo_title\": \"\", \"search_description\": \"\", \"depth\": 6, \"latest_revision_created_at\": null, \"has_unpublished_changes\": false, \"content_type\": 14, \"path\": \"000100010002000100010001\", \"owner\": 1, \"pk\": 29, \"first_published_at\": null, \"url_path\": \"/home/education/increase-student-knowledge-about-food-and-its-impact-health-community-economics-and-environment/increase-student-knowledge-about-food-and-its-impact-health-community-economics-and-environment/number-school-districts-offering-farm-school-educational-activities-such-school-gardening-farm-field-trips-future-farmers-america-cooking-nutrition-and-food-based-lessons/\", \"expired\": false, \"slug\": \"number-school-districts-offering-farm-school-educational-activities-such-school-gardening-farm-field-trips-future-farmers-america-cooking-nutrition-and-food-based-lessons\", \"expire_at\": null, \"go_live_at\": null}", "approved_go_live_at": null}}, {"model": "wagtailcore.pagerevision", "pk": 28, "fields": {"page": 30, "submitted_for_moderation": false, "created_at": "2015-12-22T02:25:52.806Z", "user": 1, "content_json": "{\"locked\": false, \"title\": \"Education agencies allocate resources to support farm to school programming\", \"numchild\": 0, \"show_in_menus\": false, \"live\": true, \"seo_title\": \"\", \"search_description\": \"\", \"depth\": 5, \"latest_revision_created_at\": null, \"has_unpublished_changes\": false, \"content_type\": 12, \"path\": \"00010001000200020001\", \"owner\": 1, \"pk\": 30, \"first_published_at\": null, \"url_path\": \"/home/education/education-policy-and-programs-support-farm-school-activities/education-agencies-allocate-resources-support-farm-school-programming/\", \"expired\": false, \"slug\": \"education-agencies-allocate-resources-support-farm-school-programming\", \"expire_at\": null, \"go_live_at\": null}", "approved_go_live_at": null}}, {"model": "wagtailcore.pagerevision", "pk": 29, "fields": {"page": 31, "submitted_for_moderation": false, "created_at": "2015-12-22T02:26:03.593Z", "user": 1, "content_json": "{\"locked\": false, \"title\": \"Teachers, child care educators, foodservice workers, students and producers are trained in farm to school nutrition, education and gardening activities\", \"numchild\": 0, \"show_in_menus\": false, \"live\": true, \"seo_title\": \"\", \"search_description\": \"\", \"depth\": 5, \"latest_revision_created_at\": null, \"has_unpublished_changes\": false, \"content_type\": 12, \"path\": \"00010001000200020002\", \"owner\": 1, \"pk\": 31, \"first_published_at\": null, \"url_path\": \"/home/education/education-policy-and-programs-support-farm-school-activities/teachers-child-care-educators-foodservice-workers-students-and-producers-are-trained-farm-school-nutrition-education-and-gardening-activities/\", \"expired\": false, \"slug\": \"teachers-child-care-educators-foodservice-workers-students-and-producers-are-trained-farm-school-nutrition-education-and-gardening-activities\", \"expire_at\": null, \"go_live_at\": null}", "approved_go_live_at": null}}, {"model": "wagtailcore.pagerevision", "pk": 30, "fields": {"page": 32, "submitted_for_moderation": false, "created_at": "2015-12-22T02:26:20.944Z", "user": 1, "content_json": "{\"locked\": false, \"title\": \"Public Health\", \"numchild\": 0, \"show_in_menus\": false, \"live\": true, \"seo_title\": \"\", \"search_description\": \"\", \"depth\": 3, \"latest_revision_created_at\": null, \"has_unpublished_changes\": false, \"content_type\": 6, \"path\": \"000100010003\", \"owner\": 1, \"pk\": 32, \"first_published_at\": null, \"url_path\": \"/home/public-health/\", \"expired\": false, \"slug\": \"public-health\", \"expire_at\": null, \"go_live_at\": null}", "approved_go_live_at": null}}, {"model": "wagtailcore.pagerevision", "pk": 31, "fields": {"page": 33, "submitted_for_moderation": false, "created_at": "2015-12-22T02:26:32.511Z", "user": 1, "content_json": "{\"locked\": false, \"title\": \"Students and their families access locally produced, healthy food through schools and preschools\", \"numchild\": 0, \"show_in_menus\": false, \"live\": true, \"seo_title\": \"\", \"search_description\": \"\", \"depth\": 4, \"latest_revision_created_at\": null, \"has_unpublished_changes\": false, \"content_type\": 10, \"path\": \"0001000100030001\", \"owner\": 1, \"pk\": 33, \"first_published_at\": null, \"url_path\": \"/home/public-health/students-and-their-families-access-locally-produced-healthy-food-through-schools-and-preschools/\", \"expired\": false, \"slug\": \"students-and-their-families-access-locally-produced-healthy-food-through-schools-and-preschools\", \"expire_at\": null, \"go_live_at\": null}", "approved_go_live_at": null}}, {"model": "wagtailcore.pagerevision", "pk": 32, "fields": {"page": 34, "submitted_for_moderation": false, "created_at": "2015-12-22T02:26:41.145Z", "user": 1, "content_json": "{\"locked\": false, \"title\": \"Student access to local, healthy foods in schools and preschools\", \"numchild\": 0, \"show_in_menus\": false, \"live\": true, \"seo_title\": \"\", \"search_description\": \"\", \"depth\": 5, \"latest_revision_created_at\": null, \"has_unpublished_changes\": false, \"content_type\": 12, \"path\": \"00010001000300010001\", \"owner\": 1, \"pk\": 34, \"first_published_at\": null, \"url_path\": \"/home/public-health/students-and-their-families-access-locally-produced-healthy-food-through-schools-and-preschools/student-access-local-healthy-foods-schools-and-preschools/\", \"expired\": false, \"slug\": \"student-access-local-healthy-foods-schools-and-preschools\", \"expire_at\": null, \"go_live_at\": null}", "approved_go_live_at": null}}, {"model": "wagtailcore.pagerevision", "pk": 33, "fields": {"page": 35, "submitted_for_moderation": false, "created_at": "2015-12-22T02:26:57.143Z", "user": 1, "content_json": "{\"locked\": false, \"title\": \"Environmental Quality\", \"numchild\": 0, \"show_in_menus\": false, \"live\": true, \"seo_title\": \"\", \"search_description\": \"\", \"depth\": 3, \"latest_revision_created_at\": null, \"has_unpublished_changes\": false, \"content_type\": 6, \"path\": \"000100010004\", \"owner\": 1, \"pk\": 35, \"first_published_at\": null, \"url_path\": \"/home/environmental-quality/\", \"expired\": false, \"slug\": \"environmental-quality\", \"expire_at\": null, \"go_live_at\": null}", "approved_go_live_at": null}}, {"model": "wagtailcore.pagerevision", "pk": 34, "fields": {"page": 36, "submitted_for_moderation": false, "created_at": "2015-12-22T02:27:07.437Z", "user": 1, "content_json": "{\"locked\": false, \"title\": \"Schools support environmentally friendly practices\", \"numchild\": 0, \"show_in_menus\": false, \"live\": true, \"seo_title\": \"\", \"search_description\": \"\", \"depth\": 4, \"latest_revision_created_at\": null, \"has_unpublished_changes\": false, \"content_type\": 10, \"path\": \"0001000100040001\", \"owner\": 1, \"pk\": 36, \"first_published_at\": null, \"url_path\": \"/home/environmental-quality/schools-support-environmentally-friendly-practices/\", \"expired\": false, \"slug\": \"schools-support-environmentally-friendly-practices\", \"expire_at\": null, \"go_live_at\": null}", "approved_go_live_at": null}}, {"model": "wagtailcore.pagerevision", "pk": 35, "fields": {"page": 37, "submitted_for_moderation": false, "created_at": "2015-12-22T02:27:18.636Z", "user": 1, "content_json": "{\"locked\": false, \"title\": \"School gardens support diverse natural food environments\", \"numchild\": 0, \"show_in_menus\": false, \"live\": true, \"seo_title\": \"\", \"search_description\": \"\", \"depth\": 5, \"latest_revision_created_at\": null, \"has_unpublished_changes\": false, \"content_type\": 12, \"path\": \"00010001000400010001\", \"owner\": 1, \"pk\": 37, \"first_published_at\": null, \"url_path\": \"/home/environmental-quality/schools-support-environmentally-friendly-practices/school-gardens-support-diverse-natural-food-environments/\", \"expired\": false, \"slug\": \"school-gardens-support-diverse-natural-food-environments\", \"expire_at\": null, \"go_live_at\": null}", "approved_go_live_at": null}}, {"model": "wagtailcore.pagerevision", "pk": 36, "fields": {"page": 38, "submitted_for_moderation": false, "created_at": "2015-12-22T02:27:30.896Z", "user": 1, "content_json": "{\"page_type\": \"Core Measure\", \"locked\": false, \"title\": \"Number or percentage of schools that have an edible garden that is actively used for educational activities\", \"numchild\": 0, \"show_in_menus\": false, \"live\": true, \"seo_title\": \"\", \"search_description\": \"\", \"depth\": 6, \"latest_revision_created_at\": null, \"has_unpublished_changes\": false, \"content_type\": 14, \"path\": \"000100010004000100010001\", \"owner\": 1, \"pk\": 38, \"first_published_at\": null, \"url_path\": \"/home/environmental-quality/schools-support-environmentally-friendly-practices/school-gardens-support-diverse-natural-food-environments/number-or-percentage-schools-have-edible-garden-actively-used-educational-activities/\", \"expired\": false, \"slug\": \"number-or-percentage-schools-have-edible-garden-actively-used-educational-activities\", \"expire_at\": null, \"go_live_at\": null}", "approved_go_live_at": null}}, {"model": "wagtailcore.pagerevision", "pk": 37, "fields": {"page": 24, "submitted_for_moderation": false, "created_at": "2015-12-22T02:31:51.196Z", "user": 1, "content_json": "{\"locked\": false, \"title\": \"Availability of state funding to districts in the state: a.) for purchasing Oregon-grown and processed food products, b.) for food-based, agricolture-based and edible garden-based educational activities, and c.) established as permanent/recurring in the s\", \"numchild\": 0, \"show_in_menus\": false, \"live\": true, \"seo_title\": \"\", \"search_description\": \"\", \"depth\": 6, \"latest_revision_created_at\": \"2015-12-22T02:23:05.830Z\", \"has_unpublished_changes\": false, \"content_type\": 14, \"path\": \"000100010001000300010002\", \"owner\": 1, \"pk\": 24, \"first_published_at\": \"2015-12-22T02:23:05.844Z\", \"url_path\": \"/home/community-economic-development/state-agency-support-local-and-regional-foods/state-agency-programs-and-procurement-policies-support-local-and-regional-foods/availability-state-funding-districts-state-purchasing-oregon-grown-and-processed-food-products-b-food-based-agricolture-based-and-edible-garden-based-educational-activities-and-c-established-permanentrecurring-s/\", \"expired\": false, \"slug\": \"availability-state-funding-districts-state-purchasing-oregon-grown-and-processed-food-products-b-food-based-agricolture-based-and-edible-garden-based-educational-activities-and-c-established-permanentrecurring-s\", \"expire_at\": null, \"go_live_at\": null}", "approved_go_live_at": null}}, {"model": "wagtailcore.pagerevision", "pk": 39, "fields": {"page": 40, "submitted_for_moderation": false, "created_at": "2015-12-28T19:41:53.920Z", "user": 1, "content_json": "{\"locked\": false, \"title\": \"Data Page 1\", \"numchild\": 0, \"show_in_menus\": false, \"live\": false, \"seo_title\": \"\", \"search_description\": \"\", \"depth\": 3, \"latest_revision_created_at\": null, \"has_unpublished_changes\": false, \"content_type\": 41, \"path\": \"000100020002\", \"owner\": 1, \"pk\": 40, \"first_published_at\": null, \"url_path\": \"/landing-page/data-page-1/\", \"expired\": false, \"slug\": \"data-page-1\", \"expire_at\": null, \"go_live_at\": null}", "approved_go_live_at": null}}, {"model": "wagtailcore.pagerevision", "pk": 40, "fields": {"page": 40, "submitted_for_moderation": false, "created_at": "2015-12-28T19:41:57.461Z", "user": 1, "content_json": "{\"locked\": false, \"title\": \"Data Page 1\", \"numchild\": 0, \"show_in_menus\": false, \"live\": false, \"seo_title\": \"\", \"search_description\": \"\", \"depth\": 3, \"latest_revision_created_at\": \"2015-12-28T19:41:53.920Z\", \"has_unpublished_changes\": true, \"content_type\": 41, \"path\": \"000100020002\", \"owner\": 1, \"pk\": 40, \"first_published_at\": null, \"url_path\": \"/landing-page/data-page-1/\", \"expired\": false, \"slug\": \"data-page-1\", \"expire_at\": null, \"go_live_at\": null}", "approved_go_live_at": null}}, {"model": "wagtailcore.pagerevision", "pk": 41, "fields": {"page": 42, "submitted_for_moderation": false, "created_at": "2015-12-28T23:17:35.567Z", "user": 1, "content_json": "{\"displayTitle\": \"<h2>MOI Landing Page</h2>\", \"locked\": false, \"title\": \"MOI Landing Page\", \"numchild\": 0, \"show_in_menus\": false, \"live\": true, \"seo_title\": \"\", \"search_description\": \"\", \"depth\": 2, \"latest_revision_created_at\": null, \"has_unpublished_changes\": false, \"content_type\": 2, \"path\": \"00010003\", \"owner\": 1, \"pk\": 42, \"first_published_at\": null, \"url_path\": \"/moi-landing-page/\", \"expired\": false, \"slug\": \"moi-landing-page\", \"expire_at\": null, \"go_live_at\": null}", "approved_go_live_at": null}}, {"model": "wagtailcore.pagerevision", "pk": 42, "fields": {"page": 43, "submitted_for_moderation": false, "created_at": "2015-12-28T23:19:49.216Z", "user": 1, "content_json": "{\"locked\": false, \"title\": \"MOI Data Page\", \"numchild\": 0, \"show_in_menus\": false, \"live\": true, \"seo_title\": \"\", \"search_description\": \"\", \"depth\": 3, \"latest_revision_created_at\": null, \"has_unpublished_changes\": false, \"content_type\": 41, \"path\": \"000100030001\", \"owner\": 1, \"pk\": 43, \"first_published_at\": null, \"url_path\": \"/moi-landing-page/moi-data-page/\", \"expired\": false, \"slug\": \"moi-data-page\", \"expire_at\": null, \"go_live_at\": null}", "approved_go_live_at": null}}, {"model": "wagtailcore.pagerevision", "pk": 43, "fields": {"page": 42, "submitted_for_moderation": false, "created_at": "2016-01-21T02:22:38.142Z", "user": 1, "content_json": "{\"image\": null, \"display_title\": \"<h2>Farm to School Counts</h2>\", \"search_description\": \"\", \"owner\": 1, \"latest_revision_created_at\": \"2015-12-28T23:17:35.567Z\", \"go_live_at\": null, \"title\": \"Measuring Our Impact\", \"sub_title\": \"\", \"seo_title\": \"\", \"slug\": \"moi-landing-page\", \"live\": true, \"has_unpublished_changes\": false, \"top_stories\": [], \"main_content\": \"\", \"numchild\": 1, \"content_type\": 2, \"show_in_menus\": false, \"path\": \"00010003\", \"url_path\": \"/moi-landing-page/\", \"expired\": false, \"pk\": 42, \"locked\": false, \"depth\": 2, \"first_published_at\": \"2015-12-28T23:17:35.597Z\", \"expire_at\": null}", "approved_go_live_at": null}}, {"model": "wagtailcore.pagerevision", "pk": 44, "fields": {"page": 42, "submitted_for_moderation": false, "created_at": "2016-01-21T02:39:36.439Z", "user": 1, "content_json": "{\"image\": null, \"display_title\": \"<h2>Farm to School Counts</h2>\", \"search_description\": \"\", \"owner\": 1, \"latest_revision_created_at\": \"2016-01-21T02:22:38.142Z\", \"go_live_at\": null, \"title\": \"Measuring Our Impact\", \"sub_title\": \"\", \"seo_title\": \"\", \"slug\": \"moi-landing-page\", \"live\": true, \"has_unpublished_changes\": false, \"top_stories\": [{\"sector_name\": \"<h3><b>Health</b></h3>\", \"url\": 32, \"link_caption\": \"link to full Health page\", \"sort_order\": 0, \"top_stories_content\": \"<p><i>Building healthy kids &amp;\\ncommunities</i></p>\\n\\n<p>Increasingly,\\nschools are a critical point for students to access healthy\\nfoods \\u2013 and schools have been stepping up to the challenge:</p>\\n\\n<p>In Oregon,\\n53% of kids qualify for free and reduced lunch. Luckily, 130 school districts serving\\n89% of school meals in the state are providing healthy, local food through the\\nstate\\u2019s Farm to School and School Garden Grant Program (2015-2016 School Year).</p>\\n\\nWe know that kids are eating better thanks to farm\\nto school, but there is still a lot to learn about the lessons they\\u2019re taking\\nhome \\u2013 whether they\\u2019re sharing new foods with their family or requesting\\nhealthy options at the grocery store.\", \"pk\": null, \"page\": 42}, {\"sector_name\": \"<h3><b>Our Community</b></h3>\", \"url\": 4, \"link_caption\": \"link to full Community page\", \"sort_order\": 1, \"top_stories_content\": \"<p><i>Growing a new economy with farm to school</i></p>\\n\\n<p>When it comes to Oregon\\u2019s economy,\\nthe impact of school food is on the rise: Oregon schools spend about a quarter\\nof their budgets on local food. Farm to school generated more than $21 million\\nand 100 jobs in the 2011-2012 school year. Recognizing that farm to school is\\nno small potatoes, Oregon infused $4.5 million in Farm to School and School\\nGarden programs in 2015, and is reaping the rewards.</p>\\n\\nThere is so much more we can do to support the\\nrelationships that make these transactions possible, from providing\\nopportunities for schools and farmers to connect, to promoting the good work\\nthey are already doing for their communities. And more we can do to make these\\neconomic benefits available to everyone, looking across the supply chain at\\nopportunities to support socially disadvantaged producers, farmworkers, and\\nlaborers.\", \"pk\": null, \"page\": 42}, {\"sector_name\": \"<h3><b>Education</b></h3>\", \"url\": 25, \"link_caption\": \"link to full Education page\", \"sort_order\": 2, \"top_stories_content\": \"<p><i>Local food by the books: Learning in the cafeteria and classroom</i></p><p>Early farm to school adopters blazed\\na trail for teaching kids about food, and for using food as a gateway to\\nlearning about all sorts of subjects, from math to art literacy. To smooth the\\npath for their peers, the state launched Oregon Harvest for Schools \\u2013 an\\neducational toolkit to help teach kids about local food. The Oregon Farm to\\nSchool and School Garden Grant Program also provides grants for educational\\nprogramming, and currently reaches XXX children, or XX%\\u00a0\\u00a0of students in the state. However, we know every school\\ncould benefit from having access to this critical education.<br/></p><p></p><p>\\n\\n\\n\\n\\n\\n\\n\\n\\n\\n\\n\\n\\n\\n\\n\\n\\n\\n\\n\\n\\n\\n\\n\\nTo keep the momentum going, we need to know more\\nabout the impact of Farm to School programs on food literacy for kids (and\\ntheir families!), whether or not lessons about local food are keeping students engaged\\nin the classroom, and how to align educational resources with state standards.\\nIf we want to see these programs flourish into the future, school employees \\u2013\\ncooks, teachers, and administrators \\u2013 need support for ongoing education and\\ntraining of their own.<br/></p><p><p><p>\\n\\n</p>\\n\\n</p>\\n\\n</p><p><p><p>\\n\\n</p>\\n\\n</p>\\n\\n</p>\", \"pk\": null, \"page\": 42}, {\"sector_name\": \"<h3><b>Environment</b></h3>\", \"url\": 35, \"link_caption\": \"link to environment page\", \"sort_order\": 3, \"top_stories_content\": \"<p><i>Schools dig nature.</i></p>\\n\\n<p>From growing school gardens, to sustainable\\nfood purchasing and composting, farm to school is an earth friendly practice. </p>\\n\\n<p>605 Oregon schools have edible\\ngardens \\u2013 that\\u2019s about 50% of all schools in the state! Gardens are essential\\nclassrooms where students can learn about everything from carbon sequestration\\nin soil, to its role in water quality and other ecosystem services. In fact, at\\nleast 244 of these school gardens are used to support curriculum, strengthening\\nenvironmental literacy and ecological ethics of students.</p><p>\\u00a0We currently don\\u2019t do enough tracking, measuring, and\\nevaluating of the environmental impacts of farm to school programs. Gardens are\\na great place to start, but how much carbon are they taking in? How much water\\ndoes a cafeteria save by practicing meatless Mondays? Does a localized lunch\\nreduce waste? There is so much to learn.</p>\\n\\n<p>\\n\\n<p><p><p>\\u00a0In\\ngeneral, we have the least amount of data on environmental indicators. I\\u2019d like\\nto end with something more general in this sector. Something along the lines\\nof, we don\\u2019t do enough tracking/measurement/evaluation of the environmental\\nimpacts of our programs! School gardens are a great starting point, but what\\nabout environmentally sustainable foods, reducing cafeteria waste, etc?</p>\\n\\n</p>\\n\\n</p>\\n\\n</p>\", \"pk\": null, \"page\": 42}], \"main_content\": \"<p><b>Farm to school is\\nchanging/transforming Oregon for the better\\u2026</b></p>\\n\\n<p>There\\u00a0is a growing network of schools committed to putting more money in the pockets\\nof Oregon's farmers, teaching students about farm fresh foods, increasing\\naccess to local healthy foods in schools and preschools, and stewarding the\\nland for future generations. Through their work, kids, families, and\\ncommunities are reaping the benefits: </p>\\n\\n<p>\\n\\n<p><p><br/>\\n\\n</p>\\n\\n</p>\\n\\n</p>\", \"numchild\": 1, \"content_type\": 2, \"show_in_menus\": false, \"path\": \"00010003\", \"url_path\": \"/moi-landing-page/\", \"expired\": false, \"pk\": 42, \"locked\": false, \"depth\": 2, \"first_published_at\": \"2015-12-28T23:17:35.597Z\", \"expire_at\": null}", "approved_go_live_at": null}}, {"model": "wagtailcore.pagerevision", "pk": 45, "fields": {"page": 42, "submitted_for_moderation": false, "created_at": "2016-01-21T02:41:12.577Z", "user": 1, "content_json": "{\"image\": null, \"display_title\": \"<h2>Farm to School Counts</h2>\", \"search_description\": \"\", \"owner\": 1, \"latest_revision_created_at\": \"2016-01-21T02:39:36.439Z\", \"go_live_at\": null, \"title\": \"Measuring Our Impact\", \"sub_title\": \"<h4><b>Farm to school is changing/transforming Oregon for the better...</b></h4>\", \"seo_title\": \"\", \"slug\": \"moi-landing-page\", \"live\": true, \"has_unpublished_changes\": false, \"top_stories\": [{\"sector_name\": \"<h4><b>Health</b></h4>\", \"url\": 32, \"link_caption\": \"link to full Health page\", \"sort_order\": 0, \"top_stories_content\": \"<p><i>Building healthy kids &amp;\\ncommunities</i></p>\\n\\n<p>Increasingly,\\nschools are a critical point for students to access healthy\\nfoods \\u2013 and schools have been stepping up to the challenge:</p>\\n\\n<p>In Oregon,\\n53% of kids qualify for free and reduced lunch. Luckily, 130 school districts serving\\n89% of school meals in the state are providing healthy, local food through the\\nstate\\u2019s Farm to School and School Garden Grant Program (2015-2016 School Year).</p>\\n\\nWe know that kids are eating better thanks to farm\\nto school, but there is still a lot to learn about the lessons they\\u2019re taking\\nhome \\u2013 whether they\\u2019re sharing new foods with their family or requesting\\nhealthy options at the grocery store.\", \"pk\": 1, \"page\": 42}, {\"sector_name\": \"<h4><b>Our Community</b></h4>\", \"url\": 4, \"link_caption\": \"link to full Community page\", \"sort_order\": 1, \"top_stories_content\": \"<p><i>Growing a new economy with farm to school</i></p>\\n\\n<p>When it comes to Oregon\\u2019s economy,\\nthe impact of school food is on the rise: Oregon schools spend about a quarter\\nof their budgets on local food. Farm to school generated more than $21 million\\nand 100 jobs in the 2011-2012 school year. Recognizing that farm to school is\\nno small potatoes, Oregon infused $4.5 million in Farm to School and School\\nGarden programs in 2015, and is reaping the rewards.</p>\\n\\nThere is so much more we can do to support the\\nrelationships that make these transactions possible, from providing\\nopportunities for schools and farmers to connect, to promoting the good work\\nthey are already doing for their communities. And more we can do to make these\\neconomic benefits available to everyone, looking across the supply chain at\\nopportunities to support socially disadvantaged producers, farmworkers, and\\nlaborers.\", \"pk\": 2, \"page\": 42}, {\"sector_name\": \"<h4><b>Education</b></h4>\", \"url\": 25, \"link_caption\": \"link to full Education page\", \"sort_order\": 2, \"top_stories_content\": \"<p><i>Local food by the books: Learning in the cafeteria and classroom</i></p><p>Early farm to school adopters blazed\\na trail for teaching kids about food, and for using food as a gateway to\\nlearning about all sorts of subjects, from math to art literacy. To smooth the\\npath for their peers, the state launched Oregon Harvest for Schools \\u2013 an\\neducational toolkit to help teach kids about local food. The Oregon Farm to\\nSchool and School Garden Grant Program also provides grants for educational\\nprogramming, and currently reaches XXX children, or XX%\\u00a0\\u00a0of students in the state. However, we know every school\\ncould benefit from having access to this critical education.<br/></p><p></p><p>\\n\\n\\n\\n\\n\\n\\n\\n\\n\\n\\n\\n\\n\\n\\n\\n\\n\\n\\n\\n\\n\\n\\n\\nTo keep the momentum going, we need to know more\\nabout the impact of Farm to School programs on food literacy for kids (and\\ntheir families!), whether or not lessons about local food are keeping students engaged\\nin the classroom, and how to align educational resources with state standards.\\nIf we want to see these programs flourish into the future, school employees \\u2013\\ncooks, teachers, and administrators \\u2013 need support for ongoing education and\\ntraining of their own.<br/></p><p></p><p></p><p>\\n\\n</p>\\n\\n<p></p>\\n\\n<p></p><p></p><p></p><p>\\n\\n</p>\\n\\n<p></p>\\n\\n<p></p>\", \"pk\": 3, \"page\": 42}, {\"sector_name\": \"<h4><b>Environment</b></h4>\", \"url\": 35, \"link_caption\": \"link to environment page\", \"sort_order\": 3, \"top_stories_content\": \"<p><i>Schools dig nature.</i></p>\\n\\n<p>From growing school gardens, to sustainable\\nfood purchasing and composting, farm to school is an earth friendly practice. </p>\\n\\n<p>605 Oregon schools have edible\\ngardens \\u2013 that\\u2019s about 50% of all schools in the state! Gardens are essential\\nclassrooms where students can learn about everything from carbon sequestration\\nin soil, to its role in water quality and other ecosystem services. In fact, at\\nleast 244 of these school gardens are used to support curriculum, strengthening\\nenvironmental literacy and ecological ethics of students.</p><p>\\u00a0We currently don\\u2019t do enough tracking, measuring, and\\nevaluating of the environmental impacts of farm to school programs. Gardens are\\na great place to start, but how much carbon are they taking in? How much water\\ndoes a cafeteria save by practicing meatless Mondays? Does a localized lunch\\nreduce waste? There is so much to learn.</p>\\n\\n<p>\\n\\n</p><p></p><p></p><p>\\u00a0In\\ngeneral, we have the least amount of data on environmental indicators. I\\u2019d like\\nto end with something more general in this sector. Something along the lines\\nof, we don\\u2019t do enough tracking/measurement/evaluation of the environmental\\nimpacts of our programs! School gardens are a great starting point, but what\\nabout environmentally sustainable foods, reducing cafeteria waste, etc?</p>\\n\\n<p></p>\\n\\n<p></p>\\n\\n<p></p>\", \"pk\": 4, \"page\": 42}], \"main_content\": \"<p>There\\u00a0is a growing network of schools committed to putting more money in the pockets\\nof Oregon's farmers, teaching students about farm fresh foods, increasing\\naccess to local healthy foods in schools and preschools, and stewarding the\\nland for future generations. Through their work, kids, families, and\\ncommunities are reaping the benefits:<br/></p>\\n\\n<p>\\n\\n</p><p></p><p><br/>\\n\\n</p>\\n\\n<p></p>\\n\\n<p></p>\", \"numchild\": 1, \"content_type\": 2, \"show_in_menus\": false, \"path\": \"00010003\", \"url_path\": \"/moi-landing-page/\", \"expired\": false, \"pk\": 42, \"locked\": false, \"depth\": 2, \"first_published_at\": \"2015-12-28T23:17:35.597Z\", \"expire_at\": null}", "approved_go_live_at": null}}, {"model": "wagtailcore.pagerevision", "pk": 46, "fields": {"page": 42, "submitted_for_moderation": false, "created_at": "2016-01-21T07:13:49.601Z", "user": 1, "content_json": "{\"image\": null, \"display_title\": \"<h2>Farm to School Counts</h2>\", \"search_description\": \"\", \"owner\": 1, \"latest_revision_created_at\": \"2016-01-21T02:41:12.577Z\", \"go_live_at\": null, \"title\": \"Measuring Our Impact\", \"sub_title\": \"<h4><b>Farm to school is changing/transforming Oregon for the better...</b></h4>\", \"seo_title\": \"\", \"slug\": \"moi-landing-page\", \"live\": true, \"has_unpublished_changes\": false, \"top_stories\": [{\"sector_name\": \"<h4><b>Health</b></h4>\", \"url\": 32, \"link_caption\": \"link to full Health page\", \"sort_order\": 0, \"top_stories_content\": \"<p><i>Building healthy kids &amp;\\ncommunities</i></p>\\n\\n<p>Increasingly,\\nschools are a critical point for students to access healthy\\nfoods \\u2013 and schools have been stepping up to the challenge:</p>\\n\\n<p>In Oregon,\\n53% of kids qualify for free and reduced lunch. Luckily, 130 school districts serving\\n89% of school meals in the state are providing healthy, local food through the\\nstate\\u2019s Farm to School and School Garden Grant Program (2015-2016 School Year).</p><p>\\n\\nWe know that kids are eating better thanks to farm\\nto school, but there is still a lot to learn about the lessons they\\u2019re taking\\nhome \\u2013 whether they\\u2019re sharing new foods with their family or requesting\\nhealthy options at the grocery store.</p>\", \"pk\": 1, \"page\": 42}, {\"sector_name\": \"<h4><b>Our Community</b></h4>\", \"url\": 4, \"link_caption\": \"link to full Community page\", \"sort_order\": 1, \"top_stories_content\": \"<p><i>Growing a new economy with farm to school</i></p>\\n\\n<p>When it comes to Oregon\\u2019s economy,\\nthe impact of school food is on the rise: Oregon schools spend about a quarter\\nof their budgets on local food. Farm to school generated more than $21 million\\nand 100 jobs in the 2011-2012 school year. Recognizing that farm to school is\\nno small potatoes, Oregon infused $4.5 million in Farm to School and School\\nGarden programs in 2015, and is reaping the rewards.</p><p>\\n\\nThere is so much more we can do to support the\\nrelationships that make these transactions possible, from providing\\nopportunities for schools and farmers to connect, to promoting the good work\\nthey are already doing for their communities. And more we can do to make these\\neconomic benefits available to everyone, looking across the supply chain at\\nopportunities to support socially disadvantaged producers, farmworkers, and\\nlaborers.</p>\", \"pk\": 2, \"page\": 42}, {\"sector_name\": \"<h4><b>Education</b></h4>\", \"url\": 25, \"link_caption\": \"link to full Education page\", \"sort_order\": 2, \"top_stories_content\": \"<p><i>Local food by the books: Learning in the cafeteria and classroom</i></p><p>Early farm to school adopters blazed\\na trail for teaching kids about food, and for using food as a gateway to\\nlearning about all sorts of subjects, from math to art literacy. To smooth the\\npath for their peers, the state launched Oregon Harvest for Schools \\u2013 an\\neducational toolkit to help teach kids about local food. The Oregon Farm to\\nSchool and School Garden Grant Program also provides grants for educational\\nprogramming, and currently reaches XXX children, or XX%\\u00a0\\u00a0of students in the state. However, we know every school\\ncould benefit from having access to this critical education.<br/></p><p></p><p>\\n\\n\\n\\n\\n\\n\\n\\n\\n\\n\\n\\n\\n\\n\\n\\n\\n\\n\\n\\n\\n\\n\\n\\nTo keep the momentum going, we need to know more\\nabout the impact of Farm to School programs on food literacy for kids (and\\ntheir families!), whether or not lessons about local food are keeping students engaged\\nin the classroom, and how to align educational resources with state standards.\\nIf we want to see these programs flourish into the future, school employees \\u2013\\ncooks, teachers, and administrators \\u2013 need support for ongoing education and\\ntraining of their own.<br/></p><p></p><p></p><p>\\n\\n</p>\\n\\n<p></p>\\n\\n<p></p><p></p><p></p><p>\\n\\n</p>\\n\\n<p></p>\\n\\n<p></p>\", \"pk\": 3, \"page\": 42}, {\"sector_name\": \"<h4><b>Environment</b></h4>\", \"url\": 35, \"link_caption\": \"link to environment page\", \"sort_order\": 3, \"top_stories_content\": \"<p><i>Schools dig nature.</i></p>\\n\\n<p>From growing school gardens, to sustainable\\nfood purchasing and composting, farm to school is an earth friendly practice. </p>\\n\\n<p>605 Oregon schools have edible\\ngardens \\u2013 that\\u2019s about 50% of all schools in the state! Gardens are essential\\nclassrooms where students can learn about everything from carbon sequestration\\nin soil, to its role in water quality and other ecosystem services. In fact, at\\nleast 244 of these school gardens are used to support curriculum, strengthening\\nenvironmental literacy and ecological ethics of students.</p><p>\\u00a0We currently don\\u2019t do enough tracking, measuring, and\\nevaluating of the environmental impacts of farm to school programs. Gardens are\\na great place to start, but how much carbon are they taking in? How much water\\ndoes a cafeteria save by practicing meatless Mondays? Does a localized lunch\\nreduce waste? There is so much to learn.</p>\\n\\n<p>\\n\\n</p><p></p><p></p><p>\\u00a0In\\ngeneral, we have the least amount of data on environmental indicators. I\\u2019d like\\nto end with something more general in this sector. Something along the lines\\nof, we don\\u2019t do enough tracking/measurement/evaluation of the environmental\\nimpacts of our programs! School gardens are a great starting point, but what\\nabout environmentally sustainable foods, reducing cafeteria waste, etc?</p>\\n\\n<p></p>\\n\\n<p></p>\\n\\n<p></p>\", \"pk\": 4, \"page\": 42}], \"main_content\": \"<p>There\\u00a0is a growing network of schools committed to putting more money in the pockets\\nof Oregon's farmers, teaching students about farm fresh foods, increasing\\naccess to local healthy foods in schools and preschools, and stewarding the\\nland for future generations. Through their work, kids, families, and\\ncommunities are reaping the benefits:<br/></p>\\n\\n<p>\\n\\n</p><p></p><p><br/>\\n\\n</p>\\n\\n<p></p>\\n\\n<p></p>\", \"numchild\": 1, \"content_type\": 2, \"show_in_menus\": false, \"path\": \"00010003\", \"url_path\": \"/moi-landing-page/\", \"expired\": false, \"pk\": 42, \"locked\": false, \"depth\": 2, \"first_published_at\": \"2015-12-28T23:17:35.597Z\", \"expire_at\": null}", "approved_go_live_at": null}}, {"model": "wagtailcore.page", "pk": 1, "fields": {"path": "0001", "depth": 1, "numchild": 1, "title": "Root", "slug": "root", "content_type": 1, "live": true, "has_unpublished_changes": false, "url_path": "/", "owner": null, "seo_title": "", "show_in_menus": false, "search_description": "", "go_live_at": null, "expire_at": null, "expired": false, "locked": false, "first_published_at": null, "latest_revision_created_at": null}}, {"model": "wagtailcore.page", "pk": 4, "fields": {"path": "0001000300010004", "depth": 4, "numchild": 3, "title": "Community Economic Development", "slug": "community-economic-development", "content_type": 6, "live": true, "has_unpublished_changes": false, "url_path": "/moi-landing-page/moi-data-page/community-economic-development/", "owner": 1, "seo_title": "", "show_in_menus": false, "search_description": "", "go_live_at": null, "expire_at": null, "expired": false, "locked": false, "first_published_at": "2015-12-22T02:18:26.374Z", "latest_revision_created_at": "2015-12-22T02:18:26.355Z"}}, {"model": "wagtailcore.page", "pk": 5, "fields": {"path": "00010003000100040001", "depth": 5, "numchild": 1, "title": "Local and statewide economic impact", "slug": "local-and-statewide-economic-impact", "content_type": 10, "live": true, "has_unpublished_changes": false, "url_path": "/moi-landing-page/moi-data-page/community-economic-development/local-and-statewide-economic-impact/", "owner": 1, "seo_title": "", "show_in_menus": false, "search_description": "", "go_live_at": null, "expire_at": null, "expired": false, "locked": false, "first_published_at": "2015-12-22T02:18:50.831Z", "latest_revision_created_at": "2015-12-22T02:18:50.817Z"}}, {"model": "wagtailcore.page", "pk": 6, "fields": {"path": "000100030001000400010001", "depth": 6, "numchild": 8, "title": "Increase in market opportunities/income generation for local producers, processors, and distributors through sales to school districts", "slug": "increase-market-opportunitiesincome-generation-local-producers-processors-and-distributors-through-sales-school-districts", "content_type": 12, "live": true, "has_unpublished_changes": false, "url_path": "/moi-landing-page/moi-data-page/community-economic-development/local-and-statewide-economic-impact/increase-market-opportunitiesincome-generation-local-producers-processors-and-distributors-through-sales-school-districts/", "owner": 1, "seo_title": "", "show_in_menus": false, "search_description": "", "go_live_at": null, "expire_at": null, "expired": false, "locked": false, "first_published_at": "2015-12-22T02:19:01.248Z", "latest_revision_created_at": "2015-12-22T02:19:01.233Z"}}, {"model": "wagtailcore.page", "pk": 7, "fields": {"path": "0001000300010004000100010001", "depth": 7, "numchild": 0, "title": "Percentage of total food budget spent on local and Oregon foods by school districts", "slug": "percentage-total-food-budget-spent-local-and-oregon-foods-school-districts", "content_type": 14, "live": true, "has_unpublished_changes": false, "url_path": "/moi-landing-page/moi-data-page/community-economic-development/local-and-statewide-economic-impact/increase-market-opportunitiesincome-generation-local-producers-processors-and-distributors-through-sales-school-districts/percentage-total-food-budget-spent-local-and-oregon-foods-school-districts/", "owner": 1, "seo_title": "", "show_in_menus": false, "search_description": "", "go_live_at": null, "expire_at": null, "expired": false, "locked": false, "first_published_at": "2015-12-22T02:19:11.879Z", "latest_revision_created_at": "2015-12-22T02:19:11.864Z"}}, {"model": "wagtailcore.page", "pk": 8, "fields": {"path": "0001000300010004000100010002", "depth": 7, "numchild": 0, "title": "Total dollar amount of all local and Oregon products (overall and by type) purchased by school districts", "slug": "total-dollar-amount-all-local-and-oregon-products-overall-and-type-purchased-school-districts", "content_type": 14, "live": true, "has_unpublished_changes": false, "url_path": "/moi-landing-page/moi-data-page/community-economic-development/local-and-statewide-economic-impact/increase-market-opportunitiesincome-generation-local-producers-processors-and-distributors-through-sales-school-districts/total-dollar-amount-all-local-and-oregon-products-overall-and-type-purchased-school-districts/", "owner": 1, "seo_title": "", "show_in_menus": false, "search_description": "", "go_live_at": null, "expire_at": null, "expired": false, "locked": false, "first_published_at": "2015-12-22T02:19:23.882Z", "latest_revision_created_at": "2015-12-22T02:19:23.866Z"}}, {"model": "wagtailcore.page", "pk": 9, "fields": {"path": "0001000300010004000100010003", "depth": 7, "numchild": 0, "title": "Number or percentage of school districts that purchase Oregon-grown/locally-grown or processed products", "slug": "number-or-percentage-school-districts-purchase-oregon-grownlocally-grown-or-processed-products", "content_type": 14, "live": true, "has_unpublished_changes": false, "url_path": "/moi-landing-page/moi-data-page/community-economic-development/local-and-statewide-economic-impact/increase-market-opportunitiesincome-generation-local-producers-processors-and-distributors-through-sales-school-districts/number-or-percentage-school-districts-purchase-oregon-grownlocally-grown-or-processed-products/", "owner": 1, "seo_title": "", "show_in_menus": false, "search_description": "", "go_live_at": null, "expire_at": null, "expired": false, "locked": false, "first_published_at": "2015-12-22T02:19:35.622Z", "latest_revision_created_at": "2015-12-22T02:19:35.608Z"}}, {"model": "wagtailcore.page", "pk": 10, "fields": {"path": "0001000300010004000100010004", "depth": 7, "numchild": 0, "title": "Number of producers, processors and distributors supplying local and Oregon products to school districts", "slug": "number-producers-processors-and-distributors-supplying-local-and-oregon-products-school-districts", "content_type": 14, "live": true, "has_unpublished_changes": false, "url_path": "/moi-landing-page/moi-data-page/community-economic-development/local-and-statewide-economic-impact/increase-market-opportunitiesincome-generation-local-producers-processors-and-distributors-through-sales-school-districts/number-producers-processors-and-distributors-supplying-local-and-oregon-products-school-districts/", "owner": 1, "seo_title": "", "show_in_menus": false, "search_description": "", "go_live_at": null, "expire_at": null, "expired": false, "locked": false, "first_published_at": "2015-12-22T02:19:47.068Z", "latest_revision_created_at": "2015-12-22T02:19:47.054Z"}}, {"model": "wagtailcore.page", "pk": 11, "fields": {"path": "0001000300010004000100010005", "depth": 7, "numchild": 0, "title": "Number of new jobs created by food producers, processors, or distributors due to farm to school market demand", "slug": "number-new-jobs-created-food-producers-processors-or-distributors-due-farm-school-market-demand", "content_type": 14, "live": true, "has_unpublished_changes": false, "url_path": "/moi-landing-page/moi-data-page/community-economic-development/local-and-statewide-economic-impact/increase-market-opportunitiesincome-generation-local-producers-processors-and-distributors-through-sales-school-districts/number-new-jobs-created-food-producers-processors-or-distributors-due-farm-school-market-demand/", "owner": 1, "seo_title": "", "show_in_menus": false, "search_description": "", "go_live_at": null, "expire_at": null, "expired": false, "locked": false, "first_published_at": "2015-12-22T02:19:57.968Z", "latest_revision_created_at": "2015-12-22T02:19:57.955Z"}}, {"model": "wagtailcore.page", "pk": 12, "fields": {"path": "0001000300010004000100010006", "depth": 7, "numchild": 0, "title": "School districts across Oregon utilize a wide range of methods to purchase local/Oregon products: a.) direct from farmers, b.) through a distributor, c.) through growers' cooperatives, d.) using innovative procurement strategies (such as forward contracti", "slug": "school-districts-across-oregon-utilize-wide-range-methods-purchase-localoregon-products-direct-farmers-b-through-distributor-c-through-growers-cooperatives-d-using-innovative-procurement-strategies-such-forward-contracti", "content_type": 14, "live": true, "has_unpublished_changes": false, "url_path": "/moi-landing-page/moi-data-page/community-economic-development/local-and-statewide-economic-impact/increase-market-opportunitiesincome-generation-local-producers-processors-and-distributors-through-sales-school-districts/school-districts-across-oregon-utilize-wide-range-methods-purchase-localoregon-products-direct-farmers-b-through-distributor-c-through-growers-cooperatives-d-using-innovative-procurement-strategies-such-forward-contracti/", "owner": 1, "seo_title": "", "show_in_menus": false, "search_description": "", "go_live_at": null, "expire_at": null, "expired": false, "locked": false, "first_published_at": "2015-12-22T02:20:12.562Z", "latest_revision_created_at": "2015-12-22T02:20:12.544Z"}}, {"model": "wagtailcore.page", "pk": 13, "fields": {"path": "0001000300010004000100010007", "depth": 7, "numchild": 0, "title": "Recommendation 1", "slug": "recommendation-1", "content_type": 16, "live": true, "has_unpublished_changes": false, "url_path": "/moi-landing-page/moi-data-page/community-economic-development/local-and-statewide-economic-impact/increase-market-opportunitiesincome-generation-local-producers-processors-and-distributors-through-sales-school-districts/recommendation-1/", "owner": 1, "seo_title": "", "show_in_menus": false, "search_description": "", "go_live_at": null, "expire_at": null, "expired": false, "locked": false, "first_published_at": "2015-12-22T02:20:24.035Z", "latest_revision_created_at": "2015-12-22T02:20:24.020Z"}}, {"model": "wagtailcore.page", "pk": 14, "fields": {"path": "0001000300010004000100010008", "depth": 7, "numchild": 0, "title": "Recommendation 2", "slug": "recommendation-2", "content_type": 16, "live": true, "has_unpublished_changes": false, "url_path": "/moi-landing-page/moi-data-page/community-economic-development/local-and-statewide-economic-impact/increase-market-opportunitiesincome-generation-local-producers-processors-and-distributors-through-sales-school-districts/recommendation-2/", "owner": 1, "seo_title": "", "show_in_menus": false, "search_description": "", "go_live_at": null, "expire_at": null, "expired": false, "locked": false, "first_published_at": "2015-12-22T02:20:33.735Z", "latest_revision_created_at": "2015-12-22T02:20:33.723Z"}}, {"model": "wagtailcore.page", "pk": 15, "fields": {"path": "00010003000100040002", "depth": 5, "numchild": 1, "title": "Social capital built in school districts and the community", "slug": "social-capital-built-school-districts-and-community", "content_type": 10, "live": true, "has_unpublished_changes": false, "url_path": "/moi-landing-page/moi-data-page/community-economic-development/social-capital-built-school-districts-and-community/", "owner": 1, "seo_title": "", "show_in_menus": false, "search_description": "", "go_live_at": null, "expire_at": null, "expired": false, "locked": false, "first_published_at": "2015-12-22T02:21:02.661Z", "latest_revision_created_at": "2015-12-22T02:21:02.644Z"}}, {"model": "wagtailcore.page", "pk": 16, "fields": {"path": "000100030001000400020001", "depth": 6, "numchild": 4, "title": "Mutually supportive relationships resolt in access to resources shared between community and school districts", "slug": "mutually-supportive-relationships-resolt-access-resources-shared-between-community-and-school-districts", "content_type": 12, "live": true, "has_unpublished_changes": false, "url_path": "/moi-landing-page/moi-data-page/community-economic-development/social-capital-built-school-districts-and-community/mutually-supportive-relationships-resolt-access-resources-shared-between-community-and-school-districts/", "owner": 1, "seo_title": "", "show_in_menus": false, "search_description": "", "go_live_at": null, "expire_at": null, "expired": false, "locked": false, "first_published_at": "2015-12-22T02:21:16.414Z", "latest_revision_created_at": "2015-12-22T02:21:16.397Z"}}, {"model": "wagtailcore.page", "pk": 17, "fields": {"path": "0001000300010004000200010001", "depth": 7, "numchild": 0, "title": "Availability of funding for school districts to engage the community in farm to school efforts", "slug": "availability-funding-school-districts-engage-community-farm-school-efforts", "content_type": 14, "live": true, "has_unpublished_changes": false, "url_path": "/moi-landing-page/moi-data-page/community-economic-development/social-capital-built-school-districts-and-community/mutually-supportive-relationships-resolt-access-resources-shared-between-community-and-school-districts/availability-funding-school-districts-engage-community-farm-school-efforts/", "owner": 1, "seo_title": "", "show_in_menus": false, "search_description": "", "go_live_at": null, "expire_at": null, "expired": false, "locked": false, "first_published_at": "2015-12-22T02:21:28.846Z", "latest_revision_created_at": "2015-12-22T02:21:28.833Z"}}, {"model": "wagtailcore.page", "pk": 18, "fields": {"path": "0001000300010004000200010002", "depth": 7, "numchild": 0, "title": "Coordinated statewide efforts exist to increase parent and caregiver knowledge, attitudes, and behaviors towards purchasing Oregon foods that are promoted in schools", "slug": "coordinated-statewide-efforts-exist-increase-parent-and-caregiver-knowledge-attitudes-and-behaviors-towards-purchasing-oregon-foods-are-promoted-schools", "content_type": 14, "live": true, "has_unpublished_changes": false, "url_path": "/moi-landing-page/moi-data-page/community-economic-development/social-capital-built-school-districts-and-community/mutually-supportive-relationships-resolt-access-resources-shared-between-community-and-school-districts/coordinated-statewide-efforts-exist-increase-parent-and-caregiver-knowledge-attitudes-and-behaviors-towards-purchasing-oregon-foods-are-promoted-schools/", "owner": 1, "seo_title": "", "show_in_menus": false, "search_description": "", "go_live_at": null, "expire_at": null, "expired": false, "locked": false, "first_published_at": "2015-12-22T02:21:40.691Z", "latest_revision_created_at": "2015-12-22T02:21:40.677Z"}}, {"model": "wagtailcore.page", "pk": 19, "fields": {"path": "0001000300010004000200010003", "depth": 7, "numchild": 0, "title": "Number or percent of school districts that utilize promotional activities related to local foods: a.) in the school environment, b.) in the community", "slug": "number-or-percent-school-districts-utilize-promotional-activities-related-local-foods-school-environment-b-community", "content_type": 14, "live": true, "has_unpublished_changes": false, "url_path": "/moi-landing-page/moi-data-page/community-economic-development/social-capital-built-school-districts-and-community/mutually-supportive-relationships-resolt-access-resources-shared-between-community-and-school-districts/number-or-percent-school-districts-utilize-promotional-activities-related-local-foods-school-environment-b-community/", "owner": 1, "seo_title": "", "show_in_menus": false, "search_description": "", "go_live_at": null, "expire_at": null, "expired": false, "locked": false, "first_published_at": "2015-12-22T02:21:52.973Z", "latest_revision_created_at": "2015-12-22T02:21:52.960Z"}}, {"model": "wagtailcore.page", "pk": 20, "fields": {"path": "0001000300010004000200010004", "depth": 7, "numchild": 0, "title": "Oregon Farm to School and School Garden Network membership includes: a.) participants from all geographic regions of the state, b.) participation by state agencies (Oregon Department of Agricolture, Oregon Department of Education, Oregon State University ", "slug": "oregon-farm-school-and-school-garden-network-membership-includes-participants-all-geographic-regions-state-b-participation-state-agencies-oregon-department-agricolture-oregon-department-education-oregon-state-university", "content_type": 14, "live": true, "has_unpublished_changes": false, "url_path": "/moi-landing-page/moi-data-page/community-economic-development/social-capital-built-school-districts-and-community/mutually-supportive-relationships-resolt-access-resources-shared-between-community-and-school-districts/oregon-farm-school-and-school-garden-network-membership-includes-participants-all-geographic-regions-state-b-participation-state-agencies-oregon-department-agricolture-oregon-department-education-oregon-state-university/", "owner": 1, "seo_title": "", "show_in_menus": false, "search_description": "", "go_live_at": null, "expire_at": null, "expired": false, "locked": false, "first_published_at": "2015-12-22T02:22:06.095Z", "latest_revision_created_at": "2015-12-22T02:22:06.080Z"}}, {"model": "wagtailcore.page", "pk": 21, "fields": {"path": "00010003000100040003", "depth": 5, "numchild": 1, "title": "State agency support for local and regional foods", "slug": "state-agency-support-local-and-regional-foods", "content_type": 10, "live": true, "has_unpublished_changes": false, "url_path": "/moi-landing-page/moi-data-page/community-economic-development/state-agency-support-local-and-regional-foods/", "owner": 1, "seo_title": "", "show_in_menus": false, "search_description": "", "go_live_at": null, "expire_at": null, "expired": false, "locked": false, "first_published_at": "2015-12-22T02:22:18.932Z", "latest_revision_created_at": "2015-12-22T02:22:18.917Z"}}, {"model": "wagtailcore.page", "pk": 22, "fields": {"path": "000100030001000400030001", "depth": 6, "numchild": 2, "title": "State agency programs and procurement policies support local and regional foods", "slug": "state-agency-programs-and-procurement-policies-support-local-and-regional-foods", "content_type": 12, "live": true, "has_unpublished_changes": false, "url_path": "/moi-landing-page/moi-data-page/community-economic-development/state-agency-support-local-and-regional-foods/state-agency-programs-and-procurement-policies-support-local-and-regional-foods/", "owner": 1, "seo_title": "", "show_in_menus": false, "search_description": "", "go_live_at": null, "expire_at": null, "expired": false, "locked": false, "first_published_at": "2015-12-22T02:22:32.189Z", "latest_revision_created_at": "2015-12-22T02:22:32.176Z"}}, {"model": "wagtailcore.page", "pk": 23, "fields": {"path": "0001000300010004000300010001", "depth": 7, "numchild": 0, "title": "Funding for Farm to School and/or School Garden Programs and staff within Oregon Department of Agricolture and Oregon Department of Education: a.) established as permanent/recurring in the state budget, b.) provides resources to these agencies to provide ", "slug": "funding-farm-school-andor-school-garden-programs-and-staff-within-oregon-department-agricolture-and-oregon-department-education-established-permanentrecurring-state-budget-b-provides-resources-these-agencies-provide", "content_type": 14, "live": true, "has_unpublished_changes": false, "url_path": "/moi-landing-page/moi-data-page/community-economic-development/state-agency-support-local-and-regional-foods/state-agency-programs-and-procurement-policies-support-local-and-regional-foods/funding-farm-school-andor-school-garden-programs-and-staff-within-oregon-department-agricolture-and-oregon-department-education-established-permanentrecurring-state-budget-b-provides-resources-these-agencies-provide/", "owner": 1, "seo_title": "", "show_in_menus": false, "search_description": "", "go_live_at": null, "expire_at": null, "expired": false, "locked": false, "first_published_at": "2015-12-22T02:22:53.140Z", "latest_revision_created_at": "2015-12-22T02:22:53.126Z"}}, {"model": "wagtailcore.page", "pk": 24, "fields": {"path": "0001000300010004000300010002", "depth": 7, "numchild": 0, "title": "Availability of state funding to districts in the state: a.) for purchasing Oregon-grown and processed food products, b.) for food-based, agricolture-based and edible garden-based educational activities, and c.) established as permanent/recurring in the s", "slug": "availability-state-funding-districts-state-purchasing-oregon-grown-and-processed-food-products-b-food-based-agricolture-based-and-edible-garden-based-educational-activities-and-c-established-permanentrecurring-s", "content_type": 14, "live": true, "has_unpublished_changes": false, "url_path": "/moi-landing-page/moi-data-page/community-economic-development/state-agency-support-local-and-regional-foods/state-agency-programs-and-procurement-policies-support-local-and-regional-foods/availability-state-funding-districts-state-purchasing-oregon-grown-and-processed-food-products-b-food-based-agricolture-based-and-edible-garden-based-educational-activities-and-c-established-permanentrecurring-s/", "owner": 1, "seo_title": "", "show_in_menus": false, "search_description": "", "go_live_at": null, "expire_at": null, "expired": false, "locked": false, "first_published_at": "2015-12-22T02:23:05.844Z", "latest_revision_created_at": "2015-12-22T02:31:51.196Z"}}, {"model": "wagtailcore.page", "pk": 25, "fields": {"path": "0001000300010003", "depth": 4, "numchild": 2, "title": "Education", "slug": "education", "content_type": 6, "live": true, "has_unpublished_changes": false, "url_path": "/moi-landing-page/moi-data-page/education/", "owner": 1, "seo_title": "", "show_in_menus": false, "search_description": "", "go_live_at": null, "expire_at": null, "expired": false, "locked": false, "first_published_at": "2015-12-22T02:23:21.726Z", "latest_revision_created_at": "2015-12-22T02:23:21.712Z"}}, {"model": "wagtailcore.page", "pk": 26, "fields": {"path": "00010003000100030001", "depth": 5, "numchild": 1, "title": "Increase food literacy in students in schools", "slug": "increase-student-knowledge-about-food-and-its-impact-health-community-economics-and-environment", "content_type": 10, "live": true, "has_unpublished_changes": false, "url_path": "/moi-landing-page/moi-data-page/education/increase-student-knowledge-about-food-and-its-impact-health-community-economics-and-environment/", "owner": 1, "seo_title": "", "show_in_menus": false, "search_description": "", "go_live_at": null, "expire_at": null, "expired": false, "locked": false, "first_published_at": "2015-12-22T02:23:30.618Z", "latest_revision_created_at": "2015-12-22T02:25:08.424Z"}}, {"model": "wagtailcore.page", "pk": 27, "fields": {"path": "00010003000100030002", "depth": 5, "numchild": 2, "title": "Education policy and programs support farm to school activities", "slug": "education-policy-and-programs-support-farm-school-activities", "content_type": 10, "live": true, "has_unpublished_changes": false, "url_path": "/moi-landing-page/moi-data-page/education/education-policy-and-programs-support-farm-school-activities/", "owner": 1, "seo_title": "", "show_in_menus": false, "search_description": "", "go_live_at": null, "expire_at": null, "expired": false, "locked": false, "first_published_at": "2015-12-22T02:23:50.790Z", "latest_revision_created_at": "2015-12-22T02:23:50.777Z"}}, {"model": "wagtailcore.page", "pk": 28, "fields": {"path": "000100030001000300010001", "depth": 6, "numchild": 1, "title": "Increase in student knowledge about food and its impact on health, community economics, and the environment", "slug": "increase-student-knowledge-about-food-and-its-impact-health-community-economics-and-environment", "content_type": 12, "live": true, "has_unpublished_changes": false, "url_path": "/moi-landing-page/moi-data-page/education/increase-student-knowledge-about-food-and-its-impact-health-community-economics-and-environment/increase-student-knowledge-about-food-and-its-impact-health-community-economics-and-environment/", "owner": 1, "seo_title": "", "show_in_menus": false, "search_description": "", "go_live_at": null, "expire_at": null, "expired": false, "locked": false, "first_published_at": "2015-12-22T02:24:12.109Z", "latest_revision_created_at": "2015-12-22T02:24:12.094Z"}}, {"model": "wagtailcore.page", "pk": 29, "fields": {"path": "0001000300010003000100010001", "depth": 7, "numchild": 0, "title": "Number of school districts offering farm to school educational activities (such as school gardening, farm field trips, Future Farmers of America, cooking, nutrition and food-based lessons)", "slug": "number-school-districts-offering-farm-school-educational-activities-such-school-gardening-farm-field-trips-future-farmers-america-cooking-nutrition-and-food-based-lessons", "content_type": 14, "live": true, "has_unpublished_changes": false, "url_path": "/moi-landing-page/moi-data-page/education/increase-student-knowledge-about-food-and-its-impact-health-community-economics-and-environment/increase-student-knowledge-about-food-and-its-impact-health-community-economics-and-environment/number-school-districts-offering-farm-school-educational-activities-such-school-gardening-farm-field-trips-future-farmers-america-cooking-nutrition-and-food-based-lessons/", "owner": 1, "seo_title": "", "show_in_menus": false, "search_description": "", "go_live_at": null, "expire_at": null, "expired": false, "locked": false, "first_published_at": "2015-12-22T02:25:26.692Z", "latest_revision_created_at": "2015-12-22T02:25:26.678Z"}}, {"model": "wagtailcore.page", "pk": 30, "fields": {"path": "000100030001000300020001", "depth": 6, "numchild": 0, "title": "Education agencies allocate resources to support farm to school programming", "slug": "education-agencies-allocate-resources-support-farm-school-programming", "content_type": 12, "live": true, "has_unpublished_changes": false, "url_path": "/moi-landing-page/moi-data-page/education/education-policy-and-programs-support-farm-school-activities/education-agencies-allocate-resources-support-farm-school-programming/", "owner": 1, "seo_title": "", "show_in_menus": false, "search_description": "", "go_live_at": null, "expire_at": null, "expired": false, "locked": false, "first_published_at": "2015-12-22T02:25:52.819Z", "latest_revision_created_at": "2015-12-22T02:25:52.806Z"}}, {"model": "wagtailcore.page", "pk": 31, "fields": {"path": "000100030001000300020002", "depth": 6, "numchild": 0, "title": "Teachers, child care educators, foodservice workers, students and producers are trained in farm to school nutrition, education and gardening activities", "slug": "teachers-child-care-educators-foodservice-workers-students-and-producers-are-trained-farm-school-nutrition-education-and-gardening-activities", "content_type": 12, "live": true, "has_unpublished_changes": false, "url_path": "/moi-landing-page/moi-data-page/education/education-policy-and-programs-support-farm-school-activities/teachers-child-care-educators-foodservice-workers-students-and-producers-are-trained-farm-school-nutrition-education-and-gardening-activities/", "owner": 1, "seo_title": "", "show_in_menus": false, "search_description": "", "go_live_at": null, "expire_at": null, "expired": false, "locked": false, "first_published_at": "2015-12-22T02:26:03.619Z", "latest_revision_created_at": "2015-12-22T02:26:03.593Z"}}, {"model": "wagtailcore.page", "pk": 32, "fields": {"path": "0001000300010002", "depth": 4, "numchild": 1, "title": "Public Health", "slug": "public-health", "content_type": 6, "live": true, "has_unpublished_changes": false, "url_path": "/moi-landing-page/moi-data-page/public-health/", "owner": 1, "seo_title": "", "show_in_menus": false, "search_description": "", "go_live_at": null, "expire_at": null, "expired": false, "locked": false, "first_published_at": "2015-12-22T02:26:20.957Z", "latest_revision_created_at": "2015-12-22T02:26:20.944Z"}}, {"model": "wagtailcore.page", "pk": 33, "fields": {"path": "00010003000100020001", "depth": 5, "numchild": 1, "title": "Students and their families access locally produced, healthy food through schools and preschools", "slug": "students-and-their-families-access-locally-produced-healthy-food-through-schools-and-preschools", "content_type": 10, "live": true, "has_unpublished_changes": false, "url_path": "/moi-landing-page/moi-data-page/public-health/students-and-their-families-access-locally-produced-healthy-food-through-schools-and-preschools/", "owner": 1, "seo_title": "", "show_in_menus": false, "search_description": "", "go_live_at": null, "expire_at": null, "expired": false, "locked": false, "first_published_at": "2015-12-22T02:26:32.525Z", "latest_revision_created_at": "2015-12-22T02:26:32.511Z"}}, {"model": "wagtailcore.page", "pk": 34, "fields": {"path": "000100030001000200010001", "depth": 6, "numchild": 0, "title": "Student access to local, healthy foods in schools and preschools", "slug": "student-access-local-healthy-foods-schools-and-preschools", "content_type": 12, "live": true, "has_unpublished_changes": false, "url_path": "/moi-landing-page/moi-data-page/public-health/students-and-their-families-access-locally-produced-healthy-food-through-schools-and-preschools/student-access-local-healthy-foods-schools-and-preschools/", "owner": 1, "seo_title": "", "show_in_menus": false, "search_description": "", "go_live_at": null, "expire_at": null, "expired": false, "locked": false, "first_published_at": "2015-12-22T02:26:41.159Z", "latest_revision_created_at": "2015-12-22T02:26:41.145Z"}}, {"model": "wagtailcore.page", "pk": 35, "fields": {"path": "0001000300010001", "depth": 4, "numchild": 1, "title": "Environmental Quality", "slug": "environmental-quality", "content_type": 6, "live": true, "has_unpublished_changes": false, "url_path": "/moi-landing-page/moi-data-page/environmental-quality/", "owner": 1, "seo_title": "", "show_in_menus": false, "search_description": "", "go_live_at": null, "expire_at": null, "expired": false, "locked": false, "first_published_at": "2015-12-22T02:26:57.156Z", "latest_revision_created_at": "2015-12-22T02:26:57.143Z"}}, {"model": "wagtailcore.page", "pk": 36, "fields": {"path": "00010003000100010001", "depth": 5, "numchild": 1, "title": "Schools support environmentally friendly practices", "slug": "schools-support-environmentally-friendly-practices", "content_type": 10, "live": true, "has_unpublished_changes": false, "url_path": "/moi-landing-page/moi-data-page/environmental-quality/schools-support-environmentally-friendly-practices/", "owner": 1, "seo_title": "", "show_in_menus": false, "search_description": "", "go_live_at": null, "expire_at": null, "expired": false, "locked": false, "first_published_at": "2015-12-22T02:27:07.449Z", "latest_revision_created_at": "2015-12-22T02:27:07.437Z"}}, {"model": "wagtailcore.page", "pk": 37, "fields": {"path": "000100030001000100010001", "depth": 6, "numchild": 1, "title": "School gardens support diverse natural food environments", "slug": "school-gardens-support-diverse-natural-food-environments", "content_type": 12, "live": true, "has_unpublished_changes": false, "url_path": "/moi-landing-page/moi-data-page/environmental-quality/schools-support-environmentally-friendly-practices/school-gardens-support-diverse-natural-food-environments/", "owner": 1, "seo_title": "", "show_in_menus": false, "search_description": "", "go_live_at": null, "expire_at": null, "expired": false, "locked": false, "first_published_at": "2015-12-22T02:27:18.650Z", "latest_revision_created_at": "2015-12-22T02:27:18.636Z"}}, {"model": "wagtailcore.page", "pk": 38, "fields": {"path": "0001000300010001000100010001", "depth": 7, "numchild": 0, "title": "Number or percentage of schools that have an edible garden that is actively used for educational activities", "slug": "number-or-percentage-schools-have-edible-garden-actively-used-educational-activities", "content_type": 14, "live": true, "has_unpublished_changes": false, "url_path": "/moi-landing-page/moi-data-page/environmental-quality/schools-support-environmentally-friendly-practices/school-gardens-support-diverse-natural-food-environments/number-or-percentage-schools-have-edible-garden-actively-used-educational-activities/", "owner": 1, "seo_title": "", "show_in_menus": false, "search_description": "", "go_live_at": null, "expire_at": null, "expired": false, "locked": false, "first_published_at": "2015-12-22T02:27:30.912Z", "latest_revision_created_at": "2015-12-22T02:27:30.896Z"}}, {"model": "wagtailcore.page", "pk": 40, "fields": {"path": "000100020001", "depth": 3, "numchild": 0, "title": "Data Page 1", "slug": "data-page-1", "content_type": 41, "live": false, "has_unpublished_changes": true, "url_path": "/landing-page/data-page-1/", "owner": 1, "seo_title": "", "show_in_menus": false, "search_description": "", "go_live_at": null, "expire_at": null, "expired": false, "locked": false, "first_published_at": "2015-12-28T19:41:57.480Z", "latest_revision_created_at": "2015-12-28T19:41:57.461Z"}}, {"model": "wagtailcore.page", "pk": 42, "fields": {"path": "00010003", "depth": 2, "numchild": 1, "title": "Measuring Our Impact", "slug": "moi-landing-page", "content_type": 2, "live": true, "has_unpublished_changes": false, "url_path": "/moi-landing-page/", "owner": 1, "seo_title": "", "show_in_menus": false, "search_description": "", "go_live_at": null, "expire_at": null, "expired": false, "locked": false, "first_published_at": "2015-12-28T23:17:35.597Z", "latest_revision_created_at": "2016-01-21T07:13:49.601Z"}}, {"model": "wagtailcore.page", "pk": 43, "fields": {"path": "000100030001", "depth": 3, "numchild": 4, "title": "MOI Data Page", "slug": "moi-data-page", "content_type": 41, "live": true, "has_unpublished_changes": false, "url_path": "/moi-landing-page/moi-data-page/", "owner": 1, "seo_title": "", "show_in_menus": false, "search_description": "", "go_live_at": null, "expire_at": null, "expired": false, "locked": false, "first_published_at": "2015-12-28T23:19:49.234Z", "latest_revision_created_at": "2015-12-28T23:19:49.216Z"}}, {"model": "recommendations.recommendation", "pk": 13, "fields": {"displayTitle": "", "sub_title": null, "main_content": null, "image": null}}, {"model": "recommendations.recommendation", "pk": 14, "fields": {"displayTitle": "", "sub_title": null, "main_content": null, "image": null}}, {"model": "measures.coremeasure", "pk": 7, "fields": {"displayTitle": "", "sub_title": null, "main_content": null, "image": null}}, {"model": "measures.coremeasure", "pk": 8, "fields": {"displayTitle": "", "sub_title": null, "main_content": null, "image": null}}, {"model": "measures.coremeasure", "pk": 9, "fields": {"displayTitle": "", "sub_title": null, "main_content": null, "image": null}}, {"model": "measures.coremeasure", "pk": 10, "fields": {"displayTitle": "", "sub_title": null, "main_content": null, "image": null}}, {"model": "measures.coremeasure", "pk": 11, "fields": {"displayTitle": "", "sub_title": null, "main_content": null, "image": null}}, {"model": "measures.coremeasure", "pk": 12, "fields": {"displayTitle": "", "sub_title": null, "main_content": null, "image": null}}, {"model": "measures.coremeasure", "pk": 17, "fields": {"displayTitle": "", "sub_title": null, "main_content": null, "image": null}}, {"model": "measures.coremeasure", "pk": 18, "fields": {"displayTitle": "", "sub_title": null, "main_content": null, "image": null}}, {"model": "measures.coremeasure", "pk": 19, "fields": {"displayTitle": "", "sub_title": null, "main_content": null, "image": null}}, {"model": "measures.coremeasure", "pk": 20, "fields": {"displayTitle": "", "sub_title": null, "main_content": null, "image": null}}, {"model": "measures.coremeasure", "pk": 23, "fields": {"displayTitle": "", "sub_title": null, "main_content": null, "image": null}}, {"model": "measures.coremeasure", "pk": 24, "fields": {"displayTitle": "", "sub_title": null, "main_content": null, "image": null}}, {"model": "measures.coremeasure", "pk": 29, "fields": {"displayTitle": "", "sub_title": null, "main_content": null, "image": null}}, {"model": "measures.coremeasure", "pk": 38, "fields": {"displayTitle": "", "sub_title": null, "main_content": null, "image": null}}, {"model": "indicators.indicator", "pk": 6, "fields": {"displayTitle": "", "sub_title": null, "main_content": null, "image": null}}, {"model": "indicators.indicator", "pk": 16, "fields": {"displayTitle": "", "sub_title": null, "main_content": null, "image": null}}, {"model": "indicators.indicator", "pk": 22, "fields": {"displayTitle": "", "sub_title": null, "main_content": null, "image": null}}, {"model": "indicators.indicator", "pk": 28, "fields": {"displayTitle": "", "sub_title": null, "main_content": null, "image": null}}, {"model": "indicators.indicator", "pk": 30, "fields": {"displayTitle": "", "sub_title": null, "main_content": null, "image": null}}, {"model": "indicators.indicator", "pk": 31, "fields": {"displayTitle": "", "sub_title": null, "main_content": null, "image": null}}, {"model": "indicators.indicator", "pk": 34, "fields": {"displayTitle": "", "sub_title": null, "main_content": null, "image": null}}, {"model": "indicators.indicator", "pk": 37, "fields": {"displayTitle": "", "sub_title": null, "main_content": null, "image": null}}, {"model": "outcomes.priorityoutcome", "pk": 5, "fields": {"displayTitle": "", "sub_title": null, "main_content": null, "image": null}}, {"model": "outcomes.priorityoutcome", "pk": 15, "fields": {"displayTitle": "", "sub_title": null, "main_content": null, "image": null}}, {"model": "outcomes.priorityoutcome", "pk": 21, "fields": {"displayTitle": "", "sub_title": null, "main_content": null, "image": null}}, {"model": "outcomes.priorityoutcome", "pk": 26, "fields": {"displayTitle": "", "sub_title": null, "main_content": null, "image": null}}, {"model": "outcomes.priorityoutcome", "pk": 27, "fields": {"displayTitle": "", "sub_title": null, "main_content": null, "image": null}}, {"model": "outcomes.priorityoutcome", "pk": 33, "fields": {"displayTitle": "", "sub_title": null, "main_content": null, "image": null}}, {"model": "outcomes.priorityoutcome", "pk": 36, "fields": {"displayTitle": "", "sub_title": null, "main_content": null, "image": null}}, {"model": "sectors.sector", "pk": 4, "fields": {"displayTitle": "", "sub_title": null, "main_content": null, "image": null}}, {"model": "sectors.sector", "pk": 25, "fields": {"displayTitle": "", "sub_title": null, "main_content": null, "image": null}}, {"model": "sectors.sector", "pk": 32, "fields": {"displayTitle": "", "sub_title": null, "main_content": null, "image": null}}, {"model": "sectors.sector", "pk": 35, "fields": {"displayTitle": "", "sub_title": null, "main_content": null, "image": null}}, {"model": "data.data", "pk": 40, "fields": {"displayTitle": "", "sub_title": null, "main_content": null, "image": null}}, {"model": "data.data", "pk": 43, "fields": {"displayTitle": "", "sub_title": null, "main_content": null, "image": null}}, {"model": "home.homepage", "pk": 42, "fields": {"display_title": "<h2>Farm to School Counts</h2>", "sub_title": "<h4><b>Farm to school is changing/transforming Oregon for the better...</b></h4>", "main_content": "<p>There\u00a0is a growing network of schools committed to putting more money in the pockets\nof Oregon's farmers, teaching students about farm fresh foods, increasing\naccess to local healthy foods in schools and preschools, and stewarding the\nland for future generations. Through their work, kids, families, and\ncommunities are reaping the benefits:<br/></p>\n\n<p>\n\n</p><p></p><p><br/>\n\n</p>\n\n<p></p>\n\n<p></p>", "image": null}}]